﻿SourceFile,SourceFileSha1,Reason
C:\Windows\System32\winevt\logs\Internet Explorer.evtx,036FD2B13DE53227E4EFFE7EC975E96DCA0986CA,Deduped
C:\Windows\System32\winevt\logs\Microsoft-Windows-Kernel-Power%4Thermal-Operational.evtx,036FD2B13DE53227E4EFFE7EC975E96DCA0986CA,Deduped
C:\Windows\System32\winevt\logs\Microsoft-Windows-Kernel-WHEA%4Errors.evtx,036FD2B13DE53227E4EFFE7EC975E96DCA0986CA,Deduped
C:\Windows\System32\winevt\logs\Microsoft-Windows-Program-Compatibility-Assistant%4CompatAfterUpgrade.evtx,036FD2B13DE53227E4EFFE7EC975E96DCA0986CA,Deduped
C:\Windows\System32\winevt\logs\Microsoft-Windows-StateRepository%4Restricted.evtx,036FD2B13DE53227E4EFFE7EC975E96DCA0986CA,Deduped
C:\Windows\System32\winevt\logs\Microsoft-Windows-StorageSpaces-Driver%4Diagnostic.evtx,036FD2B13DE53227E4EFFE7EC975E96DCA0986CA,Deduped
C:\Windows\System32\winevt\logs\Microsoft-Windows-TerminalServices-LocalSessionManager%4Admin.evtx,036FD2B13DE53227E4EFFE7EC975E96DCA0986CA,Deduped
C:\Windows\System32\winevt\logs\Microsoft-Windows-UserPnp%4ActionCenter.evtx,036FD2B13DE53227E4EFFE7EC975E96DCA0986CA,Deduped
