﻿CopiedTimestamp,SourceFile,DestinationFile,FileSize,SourceFileSha1,DeferredCopy,CreatedOnUtc,ModifiedOnUtc,LastAccessedOnUtc,CopyDuration
2024-08-26 14:57:59.5602740,C:\Windows\System32\winevt\logs\Microsoft-Client-Licensing-Platform%4Admin.evtx,C:\Users\vagrant\Desktop\logs\C\Windows\System32\winevt\logs\Microsoft-Client-Licensing-Platform%4Admin.evtx,69632,C37C2C9DAA68811B0636CCDEAD23AA5225445D53,False,2021-05-12 04:39:08.2649394,2024-08-25 01:35:10.9305535,2024-08-25 01:35:10.9305535,00:00:00.0307329
2024-08-26 14:57:59.6853429,C:\Windows\System32\winevt\logs\Microsoft-Windows-AppReadiness%4Admin.evtx,C:\Users\vagrant\Desktop\logs\C\Windows\System32\winevt\logs\Microsoft-Windows-AppReadiness%4Admin.evtx,1118208,D52506A7B40771C04909AD921EFDCD90CCE57F14,False,2021-05-12 11:38:59.7349916,2024-08-23 23:54:36.7408883,2024-08-23 23:54:36.7408883,00:00:00.0155761
2024-08-26 14:57:59.6853429,C:\Windows\System32\winevt\logs\Microsoft-Windows-AppReadiness%4Operational.evtx,C:\Users\vagrant\Desktop\logs\C\Windows\System32\winevt\logs\Microsoft-Windows-AppReadiness%4Operational.evtx,69632,A5CCE056BA53A332C5AE934EC281C545CAEC67CB,False,2021-05-12 11:38:59.7506182,2024-08-23 23:54:36.7408883,2024-08-23 23:54:36.7408883,00:00:00
2024-08-26 14:57:59.7007588,C:\Windows\System32\winevt\logs\Microsoft-Windows-AppxPackaging%4Operational.evtx,C:\Users\vagrant\Desktop\logs\C\Windows\System32\winevt\logs\Microsoft-Windows-AppxPackaging%4Operational.evtx,69632,74C0850BD5A25011E142875981342F9C2A26DB4E,False,2021-05-12 11:38:18.9893459,2024-08-23 23:53:00.3553728,2024-08-23 23:53:00.3553728,00:00:00
2024-08-26 14:57:59.7166404,C:\Windows\System32\winevt\logs\Microsoft-Windows-Authentication User Interface%4Operational.evtx,C:\Users\vagrant\Desktop\logs\C\Windows\System32\winevt\logs\Microsoft-Windows-Authentication User Interface%4Operational.evtx,69632,B24AFD26882BB7913341A22C18F6DC1AAC5D6802,False,2024-08-23 23:54:51.7017293,2024-08-23 23:58:47.1245825,2024-08-23 23:58:47.1245825,00:00:00
2024-08-26 14:57:59.7328821,C:\Windows\System32\winevt\logs\Microsoft-Windows-Biometrics%4Operational.evtx,C:\Users\vagrant\Desktop\logs\C\Windows\System32\winevt\logs\Microsoft-Windows-Biometrics%4Operational.evtx,69632,1A32D82F4B0A9E5248BE839F0C1B4AB43A54FE64,False,2024-08-25 00:47:04.3658203,2024-08-25 00:47:04.3658203,2024-08-25 00:47:04.3658203,00:00:00.0162417
2024-08-26 14:58:00.0455124,C:\Windows\System32\winevt\logs\Microsoft-Windows-DataIntegrityScan%4Admin.evtx,C:\Users\vagrant\Desktop\logs\C\Windows\System32\winevt\logs\Microsoft-Windows-DataIntegrityScan%4Admin.evtx,69632,32361DC2EA87EDDBD5BA00366D12CC44D68DA906,False,2024-08-24 00:02:26.7754434,2024-08-24 00:03:39.8844479,2024-08-24 00:03:39.8844479,00:00:00.0143345
2024-08-26 14:58:00.0455124,C:\Windows\System32\winevt\logs\Microsoft-Windows-DataIntegrityScan%4CrashRecovery.evtx,C:\Users\vagrant\Desktop\logs\C\Windows\System32\winevt\logs\Microsoft-Windows-DataIntegrityScan%4CrashRecovery.evtx,69632,0E54F36F56259F4312CF54DCBE333720BE5E660A,False,2024-08-24 00:02:26.8219833,2024-08-24 00:03:39.8844479,2024-08-24 00:03:39.8844479,00:00:00
2024-08-26 14:58:00.0764800,C:\Windows\System32\winevt\logs\Microsoft-Windows-DFSN-Server%4Admin.evtx,C:\Users\vagrant\Desktop\logs\C\Windows\System32\winevt\logs\Microsoft-Windows-DFSN-Server%4Admin.evtx,69632,9A6C35DEE7DFE94F58F5B16830EEE18DC5E7E7F2,False,2024-08-23 23:56:34.1363138,2024-08-23 23:58:47.1245825,2024-08-23 23:58:47.1245825,00:00:00
2024-08-26 14:58:00.0917112,C:\Windows\System32\winevt\logs\Microsoft-Windows-Diagnosis-DPS%4Operational.evtx,C:\Users\vagrant\Desktop\logs\C\Windows\System32\winevt\logs\Microsoft-Windows-Diagnosis-DPS%4Operational.evtx,69632,7582020E833D8D64EF8B2B45763A8BCE56DBDFE3,False,2024-08-25 01:41:03.4139541,2024-08-25 01:41:03.4139541,2024-08-25 01:41:03.4139541,00:00:00
2024-08-26 14:58:00.1227315,C:\Windows\System32\winevt\logs\Microsoft-Windows-Diagnosis-PCW%4Operational.evtx,C:\Users\vagrant\Desktop\logs\C\Windows\System32\winevt\logs\Microsoft-Windows-Diagnosis-PCW%4Operational.evtx,1052672,7401EEA9844B8D4A89914F029618492922D39177,False,2024-08-23 23:59:43.6185900,2024-08-24 00:03:39.8839659,2024-08-24 00:03:39.8839659,00:00:00.0153929
2024-08-26 14:58:00.1388372,C:\Windows\System32\winevt\logs\Microsoft-Windows-DirectoryServices-Deployment%4Operational.evtx,C:\Users\vagrant\Desktop\logs\C\Windows\System32\winevt\logs\Microsoft-Windows-DirectoryServices-Deployment%4Operational.evtx,69632,58F060FA113526B74457E5A7870D7C3D49F9B1EF,False,2024-08-23 23:57:16.2369018,2024-08-23 23:58:47.1245825,2024-08-23 23:58:47.1245825,00:00:00
2024-08-26 14:58:00.1388372,C:\Windows\System32\winevt\logs\Microsoft-Windows-DNSServer%4Audit.evtx,C:\Users\vagrant\Desktop\logs\C\Windows\System32\winevt\logs\Microsoft-Windows-DNSServer%4Audit.evtx,69632,A3C0C079058DDF44991FF29BA85DF029D75881B7,False,2024-08-23 23:58:00.5417775,2024-08-24 00:06:18.9476131,2024-08-24 00:06:18.9476131,00:00:00
2024-08-26 14:58:00.1541578,C:\Windows\System32\winevt\logs\Microsoft-Windows-FileShareShadowCopyProvider%4Operational.evtx,C:\Users\vagrant\Desktop\logs\C\Windows\System32\winevt\logs\Microsoft-Windows-FileShareShadowCopyProvider%4Operational.evtx,69632,E18A4153AF413A268019C09B06B548C6A1588722,False,2024-08-25 00:58:30.3653182,2024-08-25 00:58:30.7399844,2024-08-25 00:58:30.7399844,00:00:00.0153206
2024-08-26 14:58:00.1541578,C:\Windows\System32\winevt\logs\Microsoft-Windows-Forwarding%4Operational.evtx,C:\Users\vagrant\Desktop\logs\C\Windows\System32\winevt\logs\Microsoft-Windows-Forwarding%4Operational.evtx,69632,AB3B4526C18042FB14A05EC5721FD431D8B6B1C9,False,2024-08-24 00:00:12.1997369,2024-08-24 00:03:39.8698357,2024-08-24 00:03:39.8698357,00:00:00
2024-08-26 14:58:00.1854267,C:\Windows\System32\winevt\logs\Microsoft-Windows-IKE%4Operational.evtx,C:\Users\vagrant\Desktop\logs\C\Windows\System32\winevt\logs\Microsoft-Windows-IKE%4Operational.evtx,69632,20B80306F31B0D597DD499E4EA955255CF062E38,False,2024-08-23 23:54:59.2979743,2024-08-23 23:58:47.1245825,2024-08-23 23:58:47.1245825,00:00:00.0158533
2024-08-26 14:58:00.2006906,C:\Windows\System32\winevt\logs\Microsoft-Windows-International%4Operational.evtx,C:\Users\vagrant\Desktop\logs\C\Windows\System32\winevt\logs\Microsoft-Windows-International%4Operational.evtx,69632,CD9A1FBC2F957F5FDC4FF86664DCF673527BC708,False,2021-05-12 11:38:57.1256178,2021-05-12 04:57:22.8184752,2021-05-12 04:57:22.8184752,00:00:00.0152639
2024-08-26 14:58:00.2006906,C:\Windows\System32\winevt\logs\Microsoft-Windows-Kernel-PnP%4Configuration.evtx,C:\Users\vagrant\Desktop\logs\C\Windows\System32\winevt\logs\Microsoft-Windows-Kernel-PnP%4Configuration.evtx,69632,F4EFD430EC20F2100425A20D36212BDBF9CC33B7,False,2021-05-12 11:38:14.3950850,2024-08-25 00:59:30.8113816,2024-08-25 00:59:30.8113816,00:00:00
2024-08-26 14:58:00.2322729,C:\Windows\System32\winevt\logs\Microsoft-Windows-LanguagePackSetup%4Operational.evtx,C:\Users\vagrant\Desktop\logs\C\Windows\System32\winevt\logs\Microsoft-Windows-LanguagePackSetup%4Operational.evtx,69632,2EFFC7DCB3C307E6BE6284C6D04C22094D736082,False,2021-05-12 05:08:13.3491151,2021-05-12 05:09:27.1610012,2021-05-12 05:09:27.1610012,00:00:00
2024-08-26 14:58:00.2483790,C:\Windows\System32\winevt\logs\Microsoft-Windows-MUI%4Admin.evtx,C:\Users\vagrant\Desktop\logs\C\Windows\System32\winevt\logs\Microsoft-Windows-MUI%4Admin.evtx,69632,036FD2B13DE53227E4EFFE7EC975E96DCA0986CA,False,2021-05-12 11:38:56.6568733,2021-05-12 04:57:22.8184752,2021-05-12 04:57:22.8184752,00:00:00
2024-08-26 14:58:00.2631775,C:\Windows\System32\winevt\logs\Microsoft-Windows-MUI%4Operational.evtx,C:\Users\vagrant\Desktop\logs\C\Windows\System32\winevt\logs\Microsoft-Windows-MUI%4Operational.evtx,69632,012A581AAC879F93FA5B8A7471BB9CC156F6B5D3,False,2021-05-12 11:38:56.6568733,2024-08-23 23:54:36.7408883,2024-08-23 23:54:36.7408883,00:00:00
2024-08-26 14:58:00.2793811,C:\Windows\System32\winevt\logs\Microsoft-Windows-PowerShell%4Admin.evtx,C:\Users\vagrant\Desktop\logs\C\Windows\System32\winevt\logs\Microsoft-Windows-PowerShell%4Admin.evtx,69632,6255F15716364766B107E8026D7B95A4B29EBBCD,False,2021-05-12 11:38:26.4898807,2021-05-12 11:38:39.3806369,2021-05-12 11:38:39.3806369,00:00:00
2024-08-26 14:58:00.3256746,C:\Windows\System32\winevt\logs\Microsoft-Windows-Resource-Exhaustion-Resolver%4Operational.evtx,C:\Users\vagrant\Desktop\logs\C\Windows\System32\winevt\logs\Microsoft-Windows-Resource-Exhaustion-Resolver%4Operational.evtx,69632,A8789BAC66A7E3193D4DE7F6BE760277B0530135,False,2024-08-25 01:41:03.4456940,2024-08-25 01:41:03.4456940,2024-08-25 01:41:03.4456940,00:00:00
2024-08-26 14:58:00.3415447,C:\Windows\System32\winevt\logs\Microsoft-Windows-RestartManager%4Operational.evtx,C:\Users\vagrant\Desktop\logs\C\Windows\System32\winevt\logs\Microsoft-Windows-RestartManager%4Operational.evtx,69632,14F9150507F1CD28D6FF139EBB60B6B4A771C3C0,False,2021-05-12 04:40:53.7335566,2021-05-12 04:57:22.7994348,2021-05-12 04:57:22.7994348,00:00:00.0158701
2024-08-26 14:58:00.3570096,C:\Windows\System32\winevt\logs\Microsoft-Windows-Security-Mitigations%4KernelMode.evtx,C:\Users\vagrant\Desktop\logs\C\Windows\System32\winevt\logs\Microsoft-Windows-Security-Mitigations%4KernelMode.evtx,1052672,09FAE6F6BF79A8E2AA3CAFF555304C09D67D962C,False,2021-05-12 11:38:17.8799670,2024-08-23 23:54:36.7408883,2024-08-23 23:54:36.7408883,00:00:00.0154649
2024-08-26 14:58:00.3570096,C:\Windows\System32\winevt\logs\Microsoft-Windows-Security-Mitigations%4UserMode.evtx,C:\Users\vagrant\Desktop\logs\C\Windows\System32\winevt\logs\Microsoft-Windows-Security-Mitigations%4UserMode.evtx,69632,70A58906E0EC2BEDF07AA9C089C67AD8F94AB3BE,False,2021-05-12 11:38:17.8799670,2021-05-12 11:38:39.3806369,2021-05-12 11:38:39.3806369,00:00:00
2024-08-26 14:58:00.3727648,C:\Windows\System32\winevt\logs\Microsoft-Windows-Security-SPP-UX-Notifications%4ActionCenter.evtx,C:\Users\vagrant\Desktop\logs\C\Windows\System32\winevt\logs\Microsoft-Windows-Security-SPP-UX-Notifications%4ActionCenter.evtx,69632,5BAD17B73F045482248CFDBFBF7F871B1B170D0D,False,2021-05-12 04:39:55.4368020,2024-08-23 23:58:47.1245825,2024-08-23 23:58:47.1245825,00:00:00
2024-08-26 14:58:00.3884265,C:\Windows\System32\winevt\logs\Microsoft-Windows-ServerManager-DeploymentProvider%4Operational.evtx,C:\Users\vagrant\Desktop\logs\C\Windows\System32\winevt\logs\Microsoft-Windows-ServerManager-DeploymentProvider%4Operational.evtx,69632,17C4477F2A532F2177D4F607E049AA8CB2EA83DF,False,2021-05-12 04:39:05.9519599,2024-08-25 00:26:22.1942715,2024-08-25 00:26:22.1942715,00:00:00.0156617
2024-08-26 14:58:00.3884265,C:\Windows\System32\winevt\logs\Microsoft-Windows-ServerManager-MgmtProvider%4Operational.evtx,C:\Users\vagrant\Desktop\logs\C\Windows\System32\winevt\logs\Microsoft-Windows-ServerManager-MgmtProvider%4Operational.evtx,69632,B064194B9EB8F9833D28725263A6693363226DA2,False,2024-08-23 23:55:57.0759649,2024-08-24 00:03:39.8698357,2024-08-24 00:03:39.8698357,00:00:00
2024-08-26 14:58:00.4046367,C:\Windows\System32\winevt\logs\Microsoft-Windows-ServerManager-MultiMachine%4Admin.evtx,C:\Users\vagrant\Desktop\logs\C\Windows\System32\winevt\logs\Microsoft-Windows-ServerManager-MultiMachine%4Admin.evtx,69632,61AAA7615C3585855C21D9E873416CBA26EE6889,False,2021-05-12 05:01:06.9755781,2021-05-12 05:01:30.8346505,2021-05-12 05:01:30.8346505,00:00:00
2024-08-26 14:58:00.4195933,C:\Windows\System32\winevt\logs\Microsoft-Windows-ServerManager-MultiMachine%4Operational.evtx,C:\Users\vagrant\Desktop\logs\C\Windows\System32\winevt\logs\Microsoft-Windows-ServerManager-MultiMachine%4Operational.evtx,1052672,BBF7D431D201B9DF420FE621C2B656A22858BDD6,False,2021-05-12 05:01:06.9907071,2024-08-24 00:03:39.8698357,2024-08-24 00:03:39.8698357,00:00:00
2024-08-26 14:58:00.4977872,C:\Windows\System32\winevt\logs\Microsoft-Windows-SMBWitnessClient%4Admin.evtx,C:\Users\vagrant\Desktop\logs\C\Windows\System32\winevt\logs\Microsoft-Windows-SMBWitnessClient%4Admin.evtx,69632,0681F0BC938309FA894B803FA6D65C6043903218,False,2021-05-12 11:38:15.4419838,2021-05-12 11:38:39.3806369,2021-05-12 11:38:39.3806369,00:00:00.0158117
2024-08-26 14:58:00.4977872,C:\Windows\System32\winevt\logs\Microsoft-Windows-SMBWitnessClient%4Informational.evtx,C:\Users\vagrant\Desktop\logs\C\Windows\System32\winevt\logs\Microsoft-Windows-SMBWitnessClient%4Informational.evtx,69632,59A55FEC4C67AF121CB96F0CE85557DFCD2A8345,False,2021-05-12 11:38:15.4580871,2021-05-12 11:38:39.3806369,2021-05-12 11:38:39.3806369,00:00:00
2024-08-26 14:58:00.5133866,C:\Windows\System32\winevt\logs\Microsoft-Windows-Storage-Storport%4Health.evtx,C:\Users\vagrant\Desktop\logs\C\Windows\System32\winevt\logs\Microsoft-Windows-Storage-Storport%4Health.evtx,69632,9AE66F67148BB13E890E0F8C9611D4FC22D38253,False,2021-05-12 04:58:00.2996458,2021-05-12 04:59:07.4456523,2021-05-12 04:59:07.4456523,00:00:00
2024-08-26 14:58:00.5294441,C:\Windows\System32\winevt\logs\Microsoft-Windows-Storage-Storport%4Operational.evtx,C:\Users\vagrant\Desktop\logs\C\Windows\System32\winevt\logs\Microsoft-Windows-Storage-Storport%4Operational.evtx,69632,D8AC722F8E23E4FA189D3041B928C7AC9B721E24,False,2021-05-12 04:58:00.2996458,2021-05-12 04:59:07.4456523,2021-05-12 04:59:07.4456523,00:00:00.0160575
2024-08-26 14:58:00.5294441,C:\Windows\System32\winevt\logs\Microsoft-Windows-StorageManagement%4Operational.evtx,C:\Users\vagrant\Desktop\logs\C\Windows\System32\winevt\logs\Microsoft-Windows-StorageManagement%4Operational.evtx,69632,4BC022468BC9508154C94D1B5D4D4012CC24DED4,False,2021-05-12 04:58:00.5321372,2024-08-25 00:47:55.4915049,2024-08-25 00:47:55.4915049,00:00:00
2024-08-26 14:58:00.5445027,C:\Windows\System32\winevt\logs\Microsoft-Windows-StorageManagement-PartUtil%4Operational.evtx,C:\Users\vagrant\Desktop\logs\C\Windows\System32\winevt\logs\Microsoft-Windows-StorageManagement-PartUtil%4Operational.evtx,69632,8E3ADECF27A2790175909F1C44D7FF4466E7218F,False,2021-05-12 04:58:01.1098512,2021-05-12 04:59:07.4456523,2021-05-12 04:59:07.4456523,00:00:00.0150586
2024-08-26 14:58:00.5445027,C:\Windows\System32\winevt\logs\Microsoft-Windows-StorageSpaces-Api%4Operational.evtx,C:\Users\vagrant\Desktop\logs\C\Windows\System32\winevt\logs\Microsoft-Windows-StorageSpaces-Api%4Operational.evtx,69632,76CB6ED475EE6D14F19E6084ACFA21D159967835,False,2021-05-12 04:58:00.8441526,2021-05-12 04:59:07.4456523,2021-05-12 04:59:07.4456523,00:00:00
2024-08-26 14:58:00.5920330,C:\Windows\System32\winevt\logs\Microsoft-Windows-TWinUI%4Operational.evtx,C:\Users\vagrant\Desktop\logs\C\Windows\System32\winevt\logs\Microsoft-Windows-TWinUI%4Operational.evtx,69632,09AFF7A67E3B023BFD3BBA1D142EA625CE29B474,False,2021-05-12 04:55:31.0026707,2024-08-23 23:54:36.7408883,2024-08-23 23:54:36.7408883,00:00:00
2024-08-26 14:58:00.6068870,C:\Windows\System32\winevt\logs\Microsoft-Windows-TZUtil%4Operational.evtx,C:\Users\vagrant\Desktop\logs\C\Windows\System32\winevt\logs\Microsoft-Windows-TZUtil%4Operational.evtx,69632,3334C9B93C35BB6F5E713E607C7F48A401BE8735,False,2024-08-23 23:55:30.1210547,2024-08-23 23:58:47.1245825,2024-08-23 23:58:47.1245825,00:00:00
2024-08-26 14:58:00.6225225,C:\Windows\System32\winevt\logs\Microsoft-Windows-UserPnp%4DeviceInstall.evtx,C:\Users\vagrant\Desktop\logs\C\Windows\System32\winevt\logs\Microsoft-Windows-UserPnp%4DeviceInstall.evtx,69632,814208FB70EC37B8B49E28325EF806D1F868E7BD,False,2021-05-12 11:38:14.3804377,2024-08-23 23:54:36.7408883,2024-08-23 23:54:36.7408883,00:00:00
2024-08-26 14:58:00.6384643,C:\Windows\System32\winevt\logs\Microsoft-Windows-VPN%4Operational.evtx,C:\Users\vagrant\Desktop\logs\C\Windows\System32\winevt\logs\Microsoft-Windows-VPN%4Operational.evtx,69632,91BDA35180801C0EBC3C2993DF7B9103E9ECF252,False,2024-08-23 23:54:59.3150440,2024-08-23 23:58:47.1245825,2024-08-23 23:58:47.1245825,00:00:00
2024-08-26 14:58:00.6544245,C:\Windows\System32\winevt\logs\Microsoft-Windows-WER-PayloadHealth%4Operational.evtx,C:\Users\vagrant\Desktop\logs\C\Windows\System32\winevt\logs\Microsoft-Windows-WER-PayloadHealth%4Operational.evtx,69632,3EBEEB2733EE580F19BA96DF2713456FC0E44003,False,2021-05-12 04:59:56.7176910,2024-08-25 01:42:04.4725901,2024-08-25 01:42:04.4725901,00:00:00.0159602
2024-08-26 14:58:00.6544245,C:\Windows\System32\winevt\logs\Microsoft-Windows-WFP%4Operational.evtx,C:\Users\vagrant\Desktop\logs\C\Windows\System32\winevt\logs\Microsoft-Windows-WFP%4Operational.evtx,69632,B2D6BB25187EA352E5DFD7E6BF6F2A071376D20C,False,2024-08-23 23:54:59.3150440,2024-08-24 00:03:39.8698357,2024-08-24 00:03:39.8698357,00:00:00
2024-08-26 14:58:00.6850932,C:\Windows\System32\winevt\logs\Microsoft-Windows-Windows Defender%4Operational.evtx,C:\Users\vagrant\Desktop\logs\C\Windows\System32\winevt\logs\Microsoft-Windows-Windows Defender%4Operational.evtx,1052672,460097AD7A8F8292967D5A846AE3887A5E158FB7,False,2021-05-12 11:38:15.8174594,2024-08-24 00:03:39.8698357,2024-08-24 00:03:39.8698357,00:00:00
2024-08-26 14:58:00.6850932,C:\Windows\System32\winevt\logs\Microsoft-Windows-Windows Defender%4WHC.evtx,C:\Users\vagrant\Desktop\logs\C\Windows\System32\winevt\logs\Microsoft-Windows-Windows Defender%4WHC.evtx,69632,BB3B1F1F0BD146DAE18BE95905C857FD0C133DDC,False,2021-05-12 11:38:15.8174594,2021-05-12 11:38:39.3806369,2021-05-12 11:38:39.3806369,00:00:00
2024-08-26 14:58:00.7164392,C:\Windows\System32\winevt\logs\Microsoft-Windows-WindowsUpdateClient%4Operational.evtx,C:\Users\vagrant\Desktop\logs\C\Windows\System32\winevt\logs\Microsoft-Windows-WindowsUpdateClient%4Operational.evtx,69632,9D588EFBDD6BBA6EEEB2A12352E7A68E820A92BA,False,2021-05-12 04:39:05.0462016,2024-08-23 23:58:47.1245825,2024-08-23 23:58:47.1245825,00:00:00.0149629
2024-08-26 14:58:00.7476251,C:\Windows\System32\winevt\logs\Active Directory Web Services.evtx,C:\Users\vagrant\Desktop\logs\C\Windows\System32\winevt\logs\Active Directory Web Services.evtx,69632,0CC261463EFE28BC8A26BA463FEFAB955C1F93D1,True,2024-08-23 23:56:32.6754164,2024-08-26 14:53:15.6940081,2024-08-26 14:53:15.6940081,00:00:00
2024-08-26 14:58:00.7791712,C:\Windows\System32\winevt\logs\Application.evtx,C:\Users\vagrant\Desktop\logs\C\Windows\System32\winevt\logs\Application.evtx,1118208,5CF3A6C5BB83195EEACAF859D09601D115EA44FE,True,2021-05-12 11:38:14.3482117,2024-08-26 14:53:05.7257636,2024-08-26 14:53:05.7257636,00:00:00.0159548
2024-08-26 14:58:00.7954349,C:\Windows\System32\winevt\logs\DFS Replication.evtx,C:\Users\vagrant\Desktop\logs\C\Windows\System32\winevt\logs\DFS Replication.evtx,69632,95E7A50D5FAEF0824F9ADBF8DCB347006F5A97D1,True,2024-08-23 23:56:32.9257104,2024-08-26 14:53:13.6324090,2024-08-26 14:53:13.6324090,00:00:00
2024-08-26 14:58:00.7954349,C:\Windows\System32\winevt\logs\Directory Service.evtx,C:\Users\vagrant\Desktop\logs\C\Windows\System32\winevt\logs\Directory Service.evtx,69632,544905C1B8C07D688B0EB67D557EE2B213BE0A36,True,2024-08-23 23:56:32.9421439,2024-08-26 14:53:06.2420714,2024-08-26 14:53:06.2420714,00:00:00
2024-08-26 14:58:00.8106015,C:\Windows\System32\winevt\logs\DNS Server.evtx,C:\Users\vagrant\Desktop\logs\C\Windows\System32\winevt\logs\DNS Server.evtx,69632,3B665587B3E379E3862A12FA69E13ACB6E606BD2,True,2024-08-23 23:58:00.4171912,2024-08-26 14:53:14.7880756,2024-08-26 14:53:14.7880756,00:00:00
2024-08-26 14:58:00.8257125,C:\Windows\System32\winevt\logs\HardwareEvents.evtx,C:\Users\vagrant\Desktop\logs\C\Windows\System32\winevt\logs\HardwareEvents.evtx,69632,F40644D6576F5E197E0DCB12D642D79236C736D2,True,2021-05-12 11:38:14.3643307,2021-05-12 11:38:39.3806369,2021-05-12 11:38:39.3806369,00:00:00
2024-08-26 14:58:00.8414532,C:\Windows\System32\winevt\logs\Key Management Service.evtx,C:\Users\vagrant\Desktop\logs\C\Windows\System32\winevt\logs\Key Management Service.evtx,69632,BB5DE52A5491B6B60057AC71C45BF33B18DD2376,True,2021-05-12 11:38:14.3643307,2021-05-12 11:38:39.3806369,2021-05-12 11:38:39.3806369,00:00:00
2024-08-26 14:58:00.8574982,C:\Windows\System32\winevt\logs\Microsoft-Windows-AAD%4Operational.evtx,C:\Users\vagrant\Desktop\logs\C\Windows\System32\winevt\logs\Microsoft-Windows-AAD%4Operational.evtx,69632,D004CCEB583C894C47EEBAD13FB8F691C9F71913,True,2024-08-23 23:59:16.7132917,2024-08-26 14:53:05.7099611,2024-08-26 14:53:05.7099611,00:00:00
2024-08-26 14:58:00.8733094,C:\Windows\System32\winevt\logs\Microsoft-Windows-Application-Experience%4Program-Compatibility-Assistant.evtx,C:\Users\vagrant\Desktop\logs\C\Windows\System32\winevt\logs\Microsoft-Windows-Application-Experience%4Program-Compatibility-Assistant.evtx,69632,C074E6CC309F743E38EE55040C232FD5C6DDD5F9,True,2021-05-12 04:40:53.6085492,2021-05-12 04:57:22.8184752,2021-05-12 04:57:22.8184752,00:00:00
2024-08-26 14:58:00.9053107,C:\Windows\System32\winevt\logs\Microsoft-Windows-AppModel-Runtime%4Admin.evtx,C:\Users\vagrant\Desktop\logs\C\Windows\System32\winevt\logs\Microsoft-Windows-AppModel-Runtime%4Admin.evtx,1052672,F01EB9E5228323C0349EBEB57658786E393E4D8B,True,2021-05-12 11:38:14.3804377,2024-08-26 14:53:05.7257636,2024-08-26 14:53:05.7257636,00:00:00
2024-08-26 14:58:00.9200665,C:\Windows\System32\winevt\logs\Microsoft-Windows-AppXDeployment%4Operational.evtx,C:\Users\vagrant\Desktop\logs\C\Windows\System32\winevt\logs\Microsoft-Windows-AppXDeployment%4Operational.evtx,1052672,AF2A83549A33A2145EC1568700BAC47251AFE9C4,True,2021-05-12 04:39:02.9539621,2024-08-26 14:53:37.6006698,2024-08-26 14:53:37.6006698,00:00:00
2024-08-26 14:58:00.9664615,C:\Windows\System32\winevt\logs\Microsoft-Windows-AppXDeploymentServer%4Operational.evtx,C:\Users\vagrant\Desktop\logs\C\Windows\System32\winevt\logs\Microsoft-Windows-AppXDeploymentServer%4Operational.evtx,1118208,8E488CF58216D2A561C7E96DE9245F2D046FA6E9,True,2021-05-12 11:38:16.8491999,2024-08-26 14:54:20.3976417,2024-08-26 14:54:20.3976417,00:00:00
2024-08-26 14:58:00.9824748,C:\Windows\System32\winevt\logs\Microsoft-Windows-AppXDeploymentServer%4Restricted.evtx,C:\Users\vagrant\Desktop\logs\C\Windows\System32\winevt\logs\Microsoft-Windows-AppXDeploymentServer%4Restricted.evtx,69632,9A12B8EF1BB3722AA846097FF4531A39F0821B44,True,2021-05-12 11:38:16.8491999,2021-05-12 11:38:39.3806369,2021-05-12 11:38:39.3806369,00:00:00
2024-08-26 14:58:00.9977817,C:\Windows\System32\winevt\logs\Microsoft-Windows-Bits-Client%4Operational.evtx,C:\Users\vagrant\Desktop\logs\C\Windows\System32\winevt\logs\Microsoft-Windows-Bits-Client%4Operational.evtx,69632,48D1F2BBAF23D094AE5421F1A19D20B49C256D26,True,2021-05-12 04:42:10.4391485,2024-08-24 00:03:39.8844479,2024-08-24 00:03:39.8844479,00:00:00
2024-08-26 14:58:00.9977817,C:\Windows\System32\winevt\logs\Microsoft-Windows-CodeIntegrity%4Operational.evtx,C:\Users\vagrant\Desktop\logs\C\Windows\System32\winevt\logs\Microsoft-Windows-CodeIntegrity%4Operational.evtx,69632,F3CBFA1E6D285B7C0B6891C9AF021CF2C5FBA0D3,True,2021-05-12 11:38:14.4268245,2024-08-26 14:53:06.1639889,2024-08-26 14:53:06.1639889,00:00:00
2024-08-26 14:58:01.0146039,C:\Windows\System32\winevt\logs\Microsoft-Windows-Containers-Wcifs%4Operational.evtx,C:\Users\vagrant\Desktop\logs\C\Windows\System32\winevt\logs\Microsoft-Windows-Containers-Wcifs%4Operational.evtx,69632,C4DC08E4260F4AABBFBDAC24C439586AB27123D5,True,2021-05-12 11:38:14.8018267,2024-08-26 14:53:06.2752621,2024-08-26 14:53:06.2752621,00:00:00
2024-08-26 14:58:01.0293725,C:\Windows\System32\winevt\logs\Microsoft-Windows-Crypto-DPAPI%4BackUpKeySvc.evtx,C:\Users\vagrant\Desktop\logs\C\Windows\System32\winevt\logs\Microsoft-Windows-Crypto-DPAPI%4BackUpKeySvc.evtx,69632,980AF711898CAD995AC77448967466EEE8868951,True,2021-05-12 11:38:14.4424490,2024-08-26 14:53:06.2420714,2024-08-26 14:53:06.2420714,00:00:00
2024-08-26 14:58:01.0446038,C:\Windows\System32\winevt\logs\Microsoft-Windows-Crypto-DPAPI%4Operational.evtx,C:\Users\vagrant\Desktop\logs\C\Windows\System32\winevt\logs\Microsoft-Windows-Crypto-DPAPI%4Operational.evtx,1052672,37575D5D74EB4738FD983755C710479DB1504950,True,2021-05-12 11:38:14.4424490,2024-08-26 14:52:06.2420886,2024-08-26 14:52:06.2420886,00:00:00
2024-08-26 14:58:01.0607646,C:\Windows\System32\winevt\logs\Microsoft-Windows-DeviceManagement-Enterprise-Diagnostics-Provider%4Admin.evtx,C:\Users\vagrant\Desktop\logs\C\Windows\System32\winevt\logs\Microsoft-Windows-DeviceManagement-Enterprise-Diagnostics-Provider%4Admin.evtx,69632,3727AA771DAFC35DBBC8C107D63A9D0AF76BAEB2,True,2021-05-12 04:39:33.8894304,2024-08-26 14:53:13.6626827,2024-08-26 14:53:13.6626827,00:00:00
2024-08-26 14:58:01.0773221,C:\Windows\System32\winevt\logs\Microsoft-Windows-DeviceManagement-Enterprise-Diagnostics-Provider%4Operational.evtx,C:\Users\vagrant\Desktop\logs\C\Windows\System32\winevt\logs\Microsoft-Windows-DeviceManagement-Enterprise-Diagnostics-Provider%4Operational.evtx,69632,08E252CECD5A37205A5D886C18DAE372B5D682DD,True,2021-05-12 04:39:33.8894304,2021-05-12 04:57:22.8184752,2021-05-12 04:57:22.8184752,00:00:00
2024-08-26 14:58:01.0929420,C:\Windows\System32\winevt\logs\Microsoft-Windows-DeviceSetupManager%4Admin.evtx,C:\Users\vagrant\Desktop\logs\C\Windows\System32\winevt\logs\Microsoft-Windows-DeviceSetupManager%4Admin.evtx,1052672,44E7916282897858BEC0587B079138250C1AC4A3,True,2021-05-12 11:38:14.7862008,2024-08-26 14:52:07.0539759,2024-08-26 14:52:07.0539759,00:00:00
2024-08-26 14:58:01.1078154,C:\Windows\System32\winevt\logs\Microsoft-Windows-DeviceSetupManager%4Operational.evtx,C:\Users\vagrant\Desktop\logs\C\Windows\System32\winevt\logs\Microsoft-Windows-DeviceSetupManager%4Operational.evtx,69632,3CA6C040EFB38AE7D03C51D123AA0AF6129E85B8,True,2021-05-12 11:38:14.7862008,2024-08-23 23:54:36.7408883,2024-08-23 23:54:36.7408883,00:00:00
2024-08-26 14:58:01.1235380,C:\Windows\System32\winevt\logs\Microsoft-Windows-Dhcp-Client%4Admin.evtx,C:\Users\vagrant\Desktop\logs\C\Windows\System32\winevt\logs\Microsoft-Windows-Dhcp-Client%4Admin.evtx,69632,7C73866EB938FDCF6F57D2EE017D13DE46FDC775,True,2021-05-12 11:38:14.8018267,2024-08-23 23:58:47.1245825,2024-08-23 23:58:47.1245825,00:00:00
2024-08-26 14:58:01.1384056,C:\Windows\System32\winevt\logs\Microsoft-Windows-Dhcpv6-Client%4Admin.evtx,C:\Users\vagrant\Desktop\logs\C\Windows\System32\winevt\logs\Microsoft-Windows-Dhcpv6-Client%4Admin.evtx,69632,DFE4E962B156ACC3E39D0F9066116681DBBE6ECD,True,2021-05-12 11:38:14.8018267,2021-05-12 11:38:39.3806369,2021-05-12 11:38:39.3806369,00:00:00
2024-08-26 14:58:01.1558099,C:\Windows\System32\winevt\logs\Microsoft-Windows-Diagnosis-Scheduled%4Operational.evtx,C:\Users\vagrant\Desktop\logs\C\Windows\System32\winevt\logs\Microsoft-Windows-Diagnosis-Scheduled%4Operational.evtx,69632,D69F18A92055894910CE432730E866D3370F0963,True,2021-05-12 04:41:24.9371784,2021-05-12 04:57:22.8184752,2021-05-12 04:57:22.8184752,00:00:00
2024-08-26 14:58:01.1851394,C:\Windows\System32\winevt\logs\Microsoft-Windows-GroupPolicy%4Operational.evtx,C:\Users\vagrant\Desktop\logs\C\Windows\System32\winevt\logs\Microsoft-Windows-GroupPolicy%4Operational.evtx,1118208,021BDF26A859769491EAB47DAC3073EBD385DECA,True,2021-05-12 11:38:14.8018267,2024-08-26 14:53:06.3036031,2024-08-26 14:53:06.3036031,00:00:00
2024-08-26 14:58:01.2015489,C:\Windows\System32\winevt\logs\Microsoft-Windows-HelloForBusiness%4Operational.evtx,C:\Users\vagrant\Desktop\logs\C\Windows\System32\winevt\logs\Microsoft-Windows-HelloForBusiness%4Operational.evtx,69632,BBB95DA42B98F44F9C6BB6B38A0D9A2EE72AA883,True,2021-05-12 04:39:07.2805659,2024-08-26 14:54:16.6644559,2024-08-26 14:54:16.6644559,00:00:00
2024-08-26 14:58:01.2480452,C:\Windows\System32\winevt\logs\Microsoft-Windows-Kernel-Boot%4Operational.evtx,C:\Users\vagrant\Desktop\logs\C\Windows\System32\winevt\logs\Microsoft-Windows-Kernel-Boot%4Operational.evtx,1052672,7D46AF19D07290D2488EF8D129C55E9517F54026,True,2021-05-12 11:38:14.3950850,2024-08-26 14:52:05.6950148,2024-08-26 14:52:05.6950148,00:00:00.0252676
2024-08-26 14:58:01.2794192,C:\Windows\System32\winevt\logs\Microsoft-Windows-Kernel-IO%4Operational.evtx,C:\Users\vagrant\Desktop\logs\C\Windows\System32\winevt\logs\Microsoft-Windows-Kernel-IO%4Operational.evtx,1052672,BFE3EF0954D903F0FC19E8C59A7B80A4053EF7F2,True,2021-05-12 11:38:14.4268245,2024-08-26 14:52:06.2260222,2024-08-26 14:52:06.2260222,00:00:00
2024-08-26 14:58:01.3116957,C:\Windows\System32\winevt\logs\Microsoft-Windows-Kernel-ShimEngine%4Operational.evtx,C:\Users\vagrant\Desktop\logs\C\Windows\System32\winevt\logs\Microsoft-Windows-Kernel-ShimEngine%4Operational.evtx,69632,9E76396900AEF79C2108E16E75E87CF89A43861D,True,2021-05-12 11:38:14.3950850,2024-08-26 14:53:06.1961971,2024-08-26 14:53:06.1961971,00:00:00
2024-08-26 14:58:01.3272545,C:\Windows\System32\winevt\logs\Microsoft-Windows-Kernel-StoreMgr%4Operational.evtx,C:\Users\vagrant\Desktop\logs\C\Windows\System32\winevt\logs\Microsoft-Windows-Kernel-StoreMgr%4Operational.evtx,69632,F4897553E7D96CA459957401E8EF3CE36C2B321B,True,2021-05-12 11:38:16.1138441,2021-05-12 11:38:39.3806369,2021-05-12 11:38:39.3806369,00:00:00
2024-08-26 14:58:01.3415500,C:\Windows\System32\winevt\logs\Microsoft-Windows-Kernel-WHEA%4Operational.evtx,C:\Users\vagrant\Desktop\logs\C\Windows\System32\winevt\logs\Microsoft-Windows-Kernel-WHEA%4Operational.evtx,1052672,37C62C514C208AD8634A413B72F90B0AB15C627E,True,2021-05-12 11:38:14.4268245,2024-08-26 14:53:06.1639889,2024-08-26 14:53:06.1639889,00:00:00.0142955
2024-08-26 14:58:01.3588828,C:\Windows\System32\winevt\logs\Microsoft-Windows-Known Folders API Service.evtx,C:\Users\vagrant\Desktop\logs\C\Windows\System32\winevt\logs\Microsoft-Windows-Known Folders API Service.evtx,69632,BDBCC04C4DF11F7E8B7FAC1DF238BA7192BDE6C3,True,2021-05-12 11:38:27.7081726,2024-08-26 14:54:31.2570554,2024-08-26 14:54:31.2570554,00:00:00
2024-08-26 14:58:01.3890432,C:\Windows\System32\winevt\logs\Microsoft-Windows-LiveId%4Operational.evtx,C:\Users\vagrant\Desktop\logs\C\Windows\System32\winevt\logs\Microsoft-Windows-LiveId%4Operational.evtx,1052672,E16254512EE75C108E59C3E734DB3DAEDE189B9E,True,2021-05-12 04:39:07.1394575,2024-08-26 14:53:13.0697644,2024-08-26 14:53:13.0697644,00:00:00
2024-08-26 14:58:01.4996632,C:\Windows\System32\winevt\logs\Microsoft-Windows-NCSI%4Operational.evtx,C:\Users\vagrant\Desktop\logs\C\Windows\System32\winevt\logs\Microsoft-Windows-NCSI%4Operational.evtx,69632,7D1E2B93EF5B2D25A647B07AD335B322961231E0,True,2021-05-12 11:38:14.6763381,2024-08-26 14:53:07.1012358,2024-08-26 14:53:07.1012358,00:00:00.0639346
2024-08-26 14:58:01.5143254,C:\Windows\System32\winevt\logs\Microsoft-Windows-NetworkProfile%4Operational.evtx,C:\Users\vagrant\Desktop\logs\C\Windows\System32\winevt\logs\Microsoft-Windows-NetworkProfile%4Operational.evtx,69632,824CEF9CBEFEA866AA61699B3B42ACC46B863621,True,2021-05-12 11:38:15.4936962,2024-08-26 14:53:07.1012358,2024-08-26 14:53:07.1012358,00:00:00
2024-08-26 14:58:01.5309553,C:\Windows\System32\winevt\logs\Microsoft-Windows-Ntfs%4Operational.evtx,C:\Users\vagrant\Desktop\logs\C\Windows\System32\winevt\logs\Microsoft-Windows-Ntfs%4Operational.evtx,69632,1DEB556B9BC87AD3980B2225AF29766B8489C26B,True,2021-05-12 11:38:14.4112072,2024-08-26 14:53:06.1474362,2024-08-26 14:53:06.1474362,00:00:00
2024-08-26 14:58:01.5455697,C:\Windows\System32\winevt\logs\Microsoft-Windows-Ntfs%4WHC.evtx,C:\Users\vagrant\Desktop\logs\C\Windows\System32\winevt\logs\Microsoft-Windows-Ntfs%4WHC.evtx,69632,190523A0486CD11438C650C93706FE39B6F2953C,True,2021-05-12 11:38:14.4112072,2024-08-26 14:53:06.0693126,2024-08-26 14:53:06.0693126,00:00:00
2024-08-26 14:58:01.5455697,C:\Windows\System32\winevt\logs\Microsoft-Windows-NTLM%4Operational.evtx,C:\Users\vagrant\Desktop\logs\C\Windows\System32\winevt\logs\Microsoft-Windows-NTLM%4Operational.evtx,69632,E1E49F093955F5477C90B333456642E699DDFD97,True,2024-08-24 00:07:05.2910940,2024-08-25 00:22:06.4744404,2024-08-25 00:22:06.4744404,00:00:00
2024-08-26 14:58:01.5603888,C:\Windows\System32\winevt\logs\Microsoft-Windows-Partition%4Diagnostic.evtx,C:\Users\vagrant\Desktop\logs\C\Windows\System32\winevt\logs\Microsoft-Windows-Partition%4Diagnostic.evtx,69632,19D798CC59EC0FB74A9C48F71FDE3CBC9CA4A882,True,2021-05-12 11:38:14.4112072,2024-08-26 14:53:06.1160183,2024-08-26 14:53:06.1160183,00:00:00
2024-08-26 14:58:01.9976736,C:\Windows\System32\winevt\logs\Microsoft-Windows-PowerShell%4Operational.evtx,C:\Users\vagrant\Desktop\logs\C\Windows\System32\winevt\logs\Microsoft-Windows-PowerShell%4Operational.evtx,8458240,0594662566F3E678089762A1B05871201FF68719,True,2021-05-12 11:38:26.4898807,2024-08-25 01:24:31.6473813,2024-08-25 01:24:31.6473813,00:00:00.0312555
2024-08-26 14:58:02.0134034,C:\Windows\System32\winevt\logs\Microsoft-Windows-PushNotification-Platform%4Admin.evtx,C:\Users\vagrant\Desktop\logs\C\Windows\System32\winevt\logs\Microsoft-Windows-PushNotification-Platform%4Admin.evtx,69632,BF0AAE816B5569A5B2D5BCE893900F647B5654C0,True,2021-05-12 04:39:11.5456990,2021-05-12 04:57:22.8184752,2021-05-12 04:57:22.8184752,00:00:00
2024-08-26 14:58:02.0453695,C:\Windows\System32\winevt\logs\Microsoft-Windows-PushNotification-Platform%4Operational.evtx,C:\Users\vagrant\Desktop\logs\C\Windows\System32\winevt\logs\Microsoft-Windows-PushNotification-Platform%4Operational.evtx,1052672,DC0684FB4A6C0B0B80523C82813591A0E011E245,True,2021-05-12 04:39:11.5456990,2024-08-26 14:53:12.1472288,2024-08-26 14:53:12.1472288,00:00:00.0163560
2024-08-26 14:58:02.0606049,C:\Windows\System32\winevt\logs\Microsoft-Windows-RemoteDesktopServices-RdpCoreTS%4Admin.evtx,C:\Users\vagrant\Desktop\logs\C\Windows\System32\winevt\logs\Microsoft-Windows-RemoteDesktopServices-RdpCoreTS%4Admin.evtx,69632,608C978AD376929B1FF41798DB7BFDDADE8F7070,True,2021-05-12 05:00:25.8471009,2021-05-12 05:01:30.8346505,2021-05-12 05:01:30.8346505,00:00:00
2024-08-26 14:58:02.0770602,C:\Windows\System32\winevt\logs\Microsoft-Windows-RemoteDesktopServices-RdpCoreTS%4Operational.evtx,C:\Users\vagrant\Desktop\logs\C\Windows\System32\winevt\logs\Microsoft-Windows-RemoteDesktopServices-RdpCoreTS%4Operational.evtx,69632,BA055F773E481C98D69DE51FDD576E4E02C7E152,True,2021-05-12 05:00:25.8471009,2024-08-26 14:53:05.7882304,2024-08-26 14:53:05.7882304,00:00:00
2024-08-26 14:58:02.0920668,C:\Windows\System32\winevt\logs\Microsoft-Windows-Resource-Exhaustion-Detector%4Operational.evtx,C:\Users\vagrant\Desktop\logs\C\Windows\System32\winevt\logs\Microsoft-Windows-Resource-Exhaustion-Detector%4Operational.evtx,69632,81DE3C0C71DC8A3605C7FA3857495867C3658987,True,2021-05-12 04:41:00.3736910,2024-08-26 14:55:41.3727458,2024-08-26 14:55:41.3727458,00:00:00
2024-08-26 14:58:02.0920668,C:\Windows\System32\winevt\logs\Microsoft-Windows-Security-Netlogon%4Operational.evtx,C:\Users\vagrant\Desktop\logs\C\Windows\System32\winevt\logs\Microsoft-Windows-Security-Netlogon%4Operational.evtx,69632,83C72C6974641D16167304CF459AF2BCDEC000BA,True,2024-08-24 00:07:05.2910940,2024-08-26 14:57:02.1702508,2024-08-26 14:57:02.1702508,00:00:00
2024-08-26 14:58:02.1237112,C:\Windows\System32\winevt\logs\Microsoft-Windows-SettingSync%4Debug.evtx,C:\Users\vagrant\Desktop\logs\C\Windows\System32\winevt\logs\Microsoft-Windows-SettingSync%4Debug.evtx,1052672,71BBF112C1658C2B0717C5FB6000C5D5C77D6623,True,2021-05-12 04:39:28.4055424,2024-08-26 14:54:25.8502361,2024-08-26 14:54:25.8502361,00:00:00
2024-08-26 14:58:02.1393253,C:\Windows\System32\winevt\logs\Microsoft-Windows-SettingSync%4Operational.evtx,C:\Users\vagrant\Desktop\logs\C\Windows\System32\winevt\logs\Microsoft-Windows-SettingSync%4Operational.evtx,69632,A259C3C5031FB7FE3344C8FFA0194CDC1F97F4E5,True,2021-05-12 04:39:28.4055424,2021-05-12 04:57:22.7994348,2021-05-12 04:57:22.7994348,00:00:00
2024-08-26 14:58:02.1549715,C:\Windows\System32\winevt\logs\Microsoft-Windows-Shell-ConnectedAccountState%4ActionCenter.evtx,C:\Users\vagrant\Desktop\logs\C\Windows\System32\winevt\logs\Microsoft-Windows-Shell-ConnectedAccountState%4ActionCenter.evtx,69632,D412E056230C461FA14707B58850B9922FB36379,True,2021-05-12 04:41:24.9528035,2021-05-12 04:57:22.7994348,2021-05-12 04:57:22.7994348,00:00:00
2024-08-26 14:58:02.1744866,C:\Windows\System32\winevt\logs\Microsoft-Windows-Shell-Core%4ActionCenter.evtx,C:\Users\vagrant\Desktop\logs\C\Windows\System32\winevt\logs\Microsoft-Windows-Shell-Core%4ActionCenter.evtx,69632,07F11A5E6DE216FF4026CF581A031A667355F53A,True,2021-05-12 11:38:57.1099943,2021-05-12 04:57:22.7994348,2021-05-12 04:57:22.7994348,00:00:00
2024-08-26 14:58:02.2008121,C:\Windows\System32\winevt\logs\Microsoft-Windows-Shell-Core%4AppDefaults.evtx,C:\Users\vagrant\Desktop\logs\C\Windows\System32\winevt\logs\Microsoft-Windows-Shell-Core%4AppDefaults.evtx,1052672,AF1D497375B024DA6F9B16256FD92C1916CDBA5F,True,2021-05-12 11:38:57.1256178,2024-08-26 14:54:20.3820072,2024-08-26 14:54:20.3820072,00:00:00
2024-08-26 14:58:02.2489362,C:\Windows\System32\winevt\logs\Microsoft-Windows-Shell-Core%4LogonTasksChannel.evtx,C:\Users\vagrant\Desktop\logs\C\Windows\System32\winevt\logs\Microsoft-Windows-Shell-Core%4LogonTasksChannel.evtx,69632,DDD583F0C1F393F0BCEE6012AA3FD6A9FC30ABC2,True,2021-05-12 11:38:57.1256178,2021-05-12 04:57:22.7994348,2021-05-12 04:57:22.7994348,00:00:00
2024-08-26 14:58:02.2798714,C:\Windows\System32\winevt\logs\Microsoft-Windows-Shell-Core%4Operational.evtx,C:\Users\vagrant\Desktop\logs\C\Windows\System32\winevt\logs\Microsoft-Windows-Shell-Core%4Operational.evtx,1052672,ECB956C5CD657D333507F28259400E124ED4B94B,True,2021-05-12 11:38:57.1256178,2024-08-26 14:54:25.8033863,2024-08-26 14:54:25.8033863,00:00:00.0165829
2024-08-26 14:58:02.2967828,C:\Windows\System32\winevt\logs\Microsoft-Windows-ShellCommon-StartLayoutPopulation%4Operational.evtx,C:\Users\vagrant\Desktop\logs\C\Windows\System32\winevt\logs\Microsoft-Windows-ShellCommon-StartLayoutPopulation%4Operational.evtx,69632,1E5A10181F223EA649A133C797AD4A0148B1952B,True,2021-05-12 04:39:22.8117965,2024-08-26 14:54:37.6947008,2024-08-26 14:54:37.6947008,00:00:00.0169114
2024-08-26 14:58:02.3114531,C:\Windows\System32\winevt\logs\Microsoft-Windows-SmbClient%4Audit.evtx,C:\Users\vagrant\Desktop\logs\C\Windows\System32\winevt\logs\Microsoft-Windows-SmbClient%4Audit.evtx,69632,A720D890200BDF4A5BEBF00197F316CFF8C38928,True,2021-05-12 11:38:16.9273246,2021-05-12 11:38:39.3806369,2021-05-12 11:38:39.3806369,00:00:00.0146703
2024-08-26 14:58:02.3265569,C:\Windows\System32\winevt\logs\Microsoft-Windows-SmbClient%4Connectivity.evtx,C:\Users\vagrant\Desktop\logs\C\Windows\System32\winevt\logs\Microsoft-Windows-SmbClient%4Connectivity.evtx,69632,A86E20641447CD6BE897EA14387547D33C714659,True,2021-05-12 11:38:16.8643364,2024-08-26 14:53:06.3201447,2024-08-26 14:53:06.3201447,00:00:00
2024-08-26 14:58:02.3426993,C:\Windows\System32\winevt\logs\Microsoft-Windows-SMBClient%4Operational.evtx,C:\Users\vagrant\Desktop\logs\C\Windows\System32\winevt\logs\Microsoft-Windows-SMBClient%4Operational.evtx,69632,4E04EEFF825FF616500C0F93CFA0EF06F8487F8B,True,2021-05-12 11:38:16.8643364,2021-05-12 11:38:39.3806369,2021-05-12 11:38:39.3806369,00:00:00
2024-08-26 14:58:02.3572722,C:\Windows\System32\winevt\logs\Microsoft-Windows-SmbClient%4Security.evtx,C:\Users\vagrant\Desktop\logs\C\Windows\System32\winevt\logs\Microsoft-Windows-SmbClient%4Security.evtx,69632,C2F222C84697BBFF3816180B631C92DB04201A71,True,2021-05-12 11:38:16.8960731,2021-05-12 11:38:39.3806369,2021-05-12 11:38:39.3806369,00:00:00
2024-08-26 14:58:02.3572722,C:\Windows\System32\winevt\logs\Microsoft-Windows-SMBServer%4Audit.evtx,C:\Users\vagrant\Desktop\logs\C\Windows\System32\winevt\logs\Microsoft-Windows-SMBServer%4Audit.evtx,69632,D56A1544EB1CF64DEA27292AA946A40AC614B9F6,True,2021-05-12 11:38:15.6763424,2021-05-12 11:38:39.3806369,2021-05-12 11:38:39.3806369,00:00:00
2024-08-26 14:58:02.3742482,C:\Windows\System32\winevt\logs\Microsoft-Windows-SMBServer%4Connectivity.evtx,C:\Users\vagrant\Desktop\logs\C\Windows\System32\winevt\logs\Microsoft-Windows-SMBServer%4Connectivity.evtx,69632,99AF944891A3B96A9F2A3F91D42FAE622E6DB469,True,2021-05-12 11:38:15.6631588,2021-05-12 11:38:39.3806369,2021-05-12 11:38:39.3806369,00:00:00
2024-08-26 14:58:02.3890192,C:\Windows\System32\winevt\logs\Microsoft-Windows-SMBServer%4Operational.evtx,C:\Users\vagrant\Desktop\logs\C\Windows\System32\winevt\logs\Microsoft-Windows-SMBServer%4Operational.evtx,69632,6B55903B7121B96600EA0161607F1274505F864C,True,2021-05-12 11:38:15.6631588,2024-08-26 14:53:13.1026963,2024-08-26 14:53:13.1026963,00:00:00
2024-08-26 14:58:02.4049573,C:\Windows\System32\winevt\logs\Microsoft-Windows-SMBServer%4Security.evtx,C:\Users\vagrant\Desktop\logs\C\Windows\System32\winevt\logs\Microsoft-Windows-SMBServer%4Security.evtx,69632,AC3EDEA76A02A212840F1B851E38BE6FABAF6A77,True,2021-05-12 11:38:15.6631588,2021-05-12 11:38:39.3806369,2021-05-12 11:38:39.3806369,00:00:00
2024-08-26 14:58:02.4202183,C:\Windows\System32\winevt\logs\Microsoft-Windows-StateRepository%4Operational.evtx,C:\Users\vagrant\Desktop\logs\C\Windows\System32\winevt\logs\Microsoft-Windows-StateRepository%4Operational.evtx,1118208,6D0F4EB9A052F926C656BB731DD4FDE11EA7A842,True,2021-05-12 11:38:16.8491999,2024-08-26 14:52:14.7891854,2024-08-26 14:52:14.7891854,00:00:00.0152610
2024-08-26 14:58:02.4358824,C:\Windows\System32\winevt\logs\Microsoft-Windows-StorageSpaces-Driver%4Operational.evtx,C:\Users\vagrant\Desktop\logs\C\Windows\System32\winevt\logs\Microsoft-Windows-StorageSpaces-Driver%4Operational.evtx,69632,06A4AE330B27C9075808EDC5EED5CB11179047FC,True,2021-05-12 04:57:41.8293735,2024-08-26 14:53:06.1005515,2024-08-26 14:53:06.1005515,00:00:00
2024-08-26 14:58:02.5755950,C:\Windows\System32\winevt\logs\Microsoft-Windows-StorageSpaces-ManagementAgent%4WHC.evtx,C:\Users\vagrant\Desktop\logs\C\Windows\System32\winevt\logs\Microsoft-Windows-StorageSpaces-ManagementAgent%4WHC.evtx,69632,D28A0C62792272BFAD0CB59EA92D72D7E4BB0430,True,2021-05-12 04:41:24.9845539,2021-05-12 04:57:22.7994348,2021-05-12 04:57:22.7994348,00:00:00.0162985
2024-08-26 14:58:02.6230155,C:\Windows\System32\winevt\logs\Microsoft-Windows-Store%4Operational.evtx,C:\Users\vagrant\Desktop\logs\C\Windows\System32\winevt\logs\Microsoft-Windows-Store%4Operational.evtx,1118208,F836387FC8C93D712F574693B06DD32981D259E9,True,2021-05-12 04:39:13.8269446,2024-08-26 14:54:26.8515546,2024-08-26 14:54:26.8515546,00:00:00.0158027
2024-08-26 14:58:03.6855084,C:\Windows\System32\winevt\logs\Microsoft-Windows-Sysmon%4Operational.evtx,C:\Users\vagrant\Desktop\logs\C\Windows\System32\winevt\logs\Microsoft-Windows-Sysmon%4Operational.evtx,12652544,B0DE45BFF8203EAF4CB43DBD40ED8A7FF1672945,True,2024-08-24 00:02:22.9778984,2024-08-26 14:57:47.2326454,2024-08-26 14:57:47.2326454,00:00:00.0938979
2024-08-26 14:58:03.7017795,C:\Windows\System32\winevt\logs\Microsoft-Windows-TaskScheduler%4Maintenance.evtx,C:\Users\vagrant\Desktop\logs\C\Windows\System32\winevt\logs\Microsoft-Windows-TaskScheduler%4Maintenance.evtx,69632,6675C641A1FB4BCEC17D7A20665E2757F88D07D1,True,2021-05-12 11:38:15.4737066,2024-08-26 14:52:05.7893701,2024-08-26 14:52:05.7893701,00:00:00.0162711
2024-08-26 14:58:03.7635643,C:\Windows\System32\winevt\logs\Microsoft-Windows-TaskScheduler%4Operational.evtx,C:\Users\vagrant\Desktop\logs\C\Windows\System32\winevt\logs\Microsoft-Windows-TaskScheduler%4Operational.evtx,1118208,F0F2F984665567C839819005E992A3E7727896D3,True,2024-08-23 23:59:17.4468099,2024-08-26 14:53:05.8038667,2024-08-26 14:53:05.8038667,00:00:00
2024-08-26 14:58:03.7947588,C:\Windows\System32\winevt\logs\Microsoft-Windows-TerminalServices-LocalSessionManager%4Operational.evtx,C:\Users\vagrant\Desktop\logs\C\Windows\System32\winevt\logs\Microsoft-Windows-TerminalServices-LocalSessionManager%4Operational.evtx,69632,B093C3F63FABA6CF4341F9F0EEE4D76A59F208A2,True,2021-05-12 11:38:14.3804377,2024-08-26 14:53:05.7413813,2024-08-26 14:53:05.7413813,00:00:00
2024-08-26 14:58:03.8102536,C:\Windows\System32\winevt\logs\Microsoft-Windows-TerminalServices-RemoteConnectionManager%4Admin.evtx,C:\Users\vagrant\Desktop\logs\C\Windows\System32\winevt\logs\Microsoft-Windows-TerminalServices-RemoteConnectionManager%4Admin.evtx,69632,666FB5F88C9B44B44DF17D5BE9ED788340B0A42F,True,2021-05-12 05:00:25.1745665,2021-05-12 05:01:30.8346505,2021-05-12 05:01:30.8346505,00:00:00
2024-08-26 14:58:03.8260034,C:\Windows\System32\winevt\logs\Microsoft-Windows-TerminalServices-RemoteConnectionManager%4Operational.evtx,C:\Users\vagrant\Desktop\logs\C\Windows\System32\winevt\logs\Microsoft-Windows-TerminalServices-RemoteConnectionManager%4Operational.evtx,69632,57EC7C6A219421000C042B02D118CCCB2EF44070,True,2021-05-12 05:00:25.1901966,2024-08-26 14:53:05.7726133,2024-08-26 14:53:05.7726133,00:00:00
2024-08-26 14:58:03.8726271,C:\Windows\System32\winevt\logs\Microsoft-Windows-Time-Service%4Operational.evtx,C:\Users\vagrant\Desktop\logs\C\Windows\System32\winevt\logs\Microsoft-Windows-Time-Service%4Operational.evtx,1052672,2AB8F40A2B1CE3C57A2CA951A2F6E3AE6AF81A36,True,2021-05-12 11:38:15.4580871,2024-08-26 14:53:05.7569958,2024-08-26 14:53:05.7569958,00:00:00
2024-08-26 14:58:03.9044745,C:\Windows\System32\winevt\logs\Microsoft-Windows-UniversalTelemetryClient%4Operational.evtx,C:\Users\vagrant\Desktop\logs\C\Windows\System32\winevt\logs\Microsoft-Windows-UniversalTelemetryClient%4Operational.evtx,69632,5AB6654B2E5A9BA61E357754180668E321C37925,True,2021-05-12 11:38:15.4580871,2024-08-26 14:53:17.3822607,2024-08-26 14:53:17.3822607,00:00:00
2024-08-26 14:58:03.9198689,C:\Windows\System32\winevt\logs\Microsoft-Windows-User Device Registration%4Admin.evtx,C:\Users\vagrant\Desktop\logs\C\Windows\System32\winevt\logs\Microsoft-Windows-User Device Registration%4Admin.evtx,69632,94C218EC675C3878DF8E94B502B96845E143FA2C,True,2021-05-12 11:38:14.8799611,2024-08-26 14:53:07.1012358,2024-08-26 14:53:07.1012358,00:00:00
2024-08-26 14:58:03.9506853,C:\Windows\System32\winevt\logs\Microsoft-Windows-User Profile Service%4Operational.evtx,C:\Users\vagrant\Desktop\logs\C\Windows\System32\winevt\logs\Microsoft-Windows-User Profile Service%4Operational.evtx,1118208,F7A773EC33F5BDD07CF6002A0FEE2CC15B930760,True,2021-05-12 11:38:14.5200892,2024-08-26 14:54:20.0540890,2024-08-26 14:54:20.0540890,00:00:00
2024-08-26 14:58:03.9821501,C:\Windows\System32\winevt\logs\Microsoft-Windows-VolumeSnapshot-Driver%4Operational.evtx,C:\Users\vagrant\Desktop\logs\C\Windows\System32\winevt\logs\Microsoft-Windows-VolumeSnapshot-Driver%4Operational.evtx,69632,14237F5419D8FBB5C1A8BE1A95BBA7B8D514A2E0,True,2021-05-12 11:38:14.4112072,2024-08-26 14:53:06.1318157,2024-08-26 14:53:06.1318157,00:00:00
2024-08-26 14:58:03.9981833,C:\Windows\System32\winevt\logs\Microsoft-Windows-Wcmsvc%4Operational.evtx,C:\Users\vagrant\Desktop\logs\C\Windows\System32\winevt\logs\Microsoft-Windows-Wcmsvc%4Operational.evtx,69632,5432ECB0908048F869604B9274E5843BB9BB4F82,True,2021-05-12 11:38:14.5200892,2024-08-26 14:53:05.8194777,2024-08-26 14:53:05.8194777,00:00:00.0160332
2024-08-26 14:58:04.0133425,C:\Windows\System32\winevt\logs\Microsoft-Windows-WebAuthN%4Operational.evtx,C:\Users\vagrant\Desktop\logs\C\Windows\System32\winevt\logs\Microsoft-Windows-WebAuthN%4Operational.evtx,69632,D5CDF58F17A107936C872EBA079B237BDB765D5B,True,2021-05-12 11:38:15.4580871,2024-08-26 14:53:13.4440446,2024-08-26 14:53:13.4440446,00:00:00.0151592
2024-08-26 14:58:04.0290527,C:\Windows\System32\winevt\logs\Microsoft-Windows-Win32k%4Operational.evtx,C:\Users\vagrant\Desktop\logs\C\Windows\System32\winevt\logs\Microsoft-Windows-Win32k%4Operational.evtx,69632,D97B49DBFC9B1EDDF2E7D1D3ABF5761E4BA69D12,True,2021-05-12 11:38:14.4610027,2024-08-26 14:53:37.9127021,2024-08-26 14:53:37.9127021,00:00:00
2024-08-26 14:58:04.0445383,C:\Windows\System32\winevt\logs\Microsoft-Windows-Windows Firewall With Advanced Security%4ConnectionSecurity.evtx,C:\Users\vagrant\Desktop\logs\C\Windows\System32\winevt\logs\Microsoft-Windows-Windows Firewall With Advanced Security%4ConnectionSecurity.evtx,69632,C45A9FE21745FF664C3513125715E68FB3D9E884,True,2021-05-12 11:38:15.4737066,2021-05-12 11:38:39.3806369,2021-05-12 11:38:39.3806369,00:00:00
2024-08-26 14:58:04.0758356,C:\Windows\System32\winevt\logs\Microsoft-Windows-Windows Firewall With Advanced Security%4Firewall.evtx,C:\Users\vagrant\Desktop\logs\C\Windows\System32\winevt\logs\Microsoft-Windows-Windows Firewall With Advanced Security%4Firewall.evtx,1052672,169A7C3286BD3365F111CAA6B9E6DC7B05A1CE52,True,2021-05-12 11:38:14.6763381,2024-08-26 14:53:08.1010235,2024-08-26 14:53:08.1010235,00:00:00.0153567
2024-08-26 14:58:04.0915953,C:\Windows\System32\winevt\logs\Microsoft-Windows-Windows Firewall With Advanced Security%4FirewallDiagnostics.evtx,C:\Users\vagrant\Desktop\logs\C\Windows\System32\winevt\logs\Microsoft-Windows-Windows Firewall With Advanced Security%4FirewallDiagnostics.evtx,69632,9B9C3FB69C8B7899DC968EAA4FDD1596419B0947,True,2021-05-12 11:38:15.4737066,2024-08-26 14:53:08.1010235,2024-08-26 14:53:08.1010235,00:00:00
2024-08-26 14:58:04.1228080,C:\Windows\System32\winevt\logs\Microsoft-Windows-WinINet-Config%4ProxyConfigChanged.evtx,C:\Users\vagrant\Desktop\logs\C\Windows\System32\winevt\logs\Microsoft-Windows-WinINet-Config%4ProxyConfigChanged.evtx,69632,25B42DC4CBA33A86858E9DE4B495EBA8A65CF85A,True,2021-05-12 11:38:14.7080768,2021-05-12 11:38:39.3806369,2021-05-12 11:38:39.3806369,00:00:00
2024-08-26 14:58:04.1385440,C:\Windows\System32\winevt\logs\Microsoft-Windows-Winlogon%4Operational.evtx,C:\Users\vagrant\Desktop\logs\C\Windows\System32\winevt\logs\Microsoft-Windows-Winlogon%4Operational.evtx,1052672,B820AB81D06EDC52C98C4E7095036705342A5B91,True,2021-05-12 04:39:04.5306126,2024-08-26 14:53:39.6478398,2024-08-26 14:53:39.6478398,00:00:00
2024-08-26 14:58:04.2014375,C:\Windows\System32\winevt\logs\Microsoft-Windows-WinRM%4Operational.evtx,C:\Users\vagrant\Desktop\logs\C\Windows\System32\winevt\logs\Microsoft-Windows-WinRM%4Operational.evtx,1052672,0BCDFEC219A32C0BBC8F489ABE587448883EF671,True,2021-05-12 11:38:15.2237041,2024-08-26 14:53:14.8036321,2024-08-26 14:53:14.8036321,00:00:00
2024-08-26 14:58:04.2476665,C:\Windows\System32\winevt\logs\Microsoft-Windows-WMI-Activity%4Operational.evtx,C:\Users\vagrant\Desktop\logs\C\Windows\System32\winevt\logs\Microsoft-Windows-WMI-Activity%4Operational.evtx,1052672,36052191E9F33FA3B2717D971238F9C2F7DB93BB,True,2021-05-12 04:39:05.9207072,2024-08-26 14:53:17.3666121,2024-08-26 14:53:17.3666121,00:00:00
2024-08-26 14:58:05.1966327,C:\Windows\System32\winevt\logs\Security.evtx,C:\Users\vagrant\Desktop\logs\C\Windows\System32\winevt\logs\Security.evtx,9506816,A03CA249ADE9FAB3800E318629E226706D4DBDB5,True,2021-05-12 11:38:14.3643307,2024-08-26 14:52:11.8345351,2024-08-26 14:52:11.8345351,00:00:00.0471079
2024-08-26 14:58:05.2008882,C:\Windows\System32\winevt\logs\Setup.evtx,C:\Users\vagrant\Desktop\logs\C\Windows\System32\winevt\logs\Setup.evtx,69632,499FC165B07F85C4B4B408ED2AF33D0C4E6958D9,True,2021-05-12 11:38:39.3337595,2024-08-25 00:21:17.7873553,2024-08-25 00:21:17.7873553,00:00:00
2024-08-26 14:58:05.2945833,C:\Windows\System32\winevt\logs\System.evtx,C:\Users\vagrant\Desktop\logs\C\Windows\System32\winevt\logs\System.evtx,1118208,31E4DABB32CCF0BDDADACD07EF73ABABACB87C80,True,2021-05-12 11:38:14.3482117,2024-08-26 14:53:04.4292294,2024-08-26 14:53:04.4292294,00:00:00
2024-08-26 14:58:05.7173352,C:\Windows\System32\winevt\logs\Windows PowerShell.evtx,C:\Users\vagrant\Desktop\logs\C\Windows\System32\winevt\logs\Windows PowerShell.evtx,9506816,11BF18E2F5A8CB8BA8747CA591A5BA24EED6290C,True,2021-05-12 11:38:14.3643307,2024-08-25 01:23:24.9594232,2024-08-25 01:23:24.9594232,00:00:00.0322204
