﻿CopiedTimestamp,SourceFile,DestinationFile,FileSize,SourceFileSha1,DeferredCopy,CreatedOnUtc,ModifiedOnUtc,LastAccessedOnUtc,CopyDuration
2024-08-26 14:57:56.6255050,C:\Windows\System32\winevt\logs\Microsoft-AppV-Client%4Admin.evtx,C:\Users\dwight\Desktop\logs\C\Windows\System32\winevt\logs\Microsoft-AppV-Client%4Admin.evtx,69632,7CA14D569F0673888200E3E6B5863F602E7C3CFC,False,2024-08-25 00:32:19.7995121,2024-08-25 00:32:19.7995121,2024-08-25 00:32:19.7995121,00:00:00.0153288
2024-08-26 14:57:56.7035245,C:\Windows\System32\winevt\logs\Microsoft-AppV-Client%4Operational.evtx,C:\Users\dwight\Desktop\logs\C\Windows\System32\winevt\logs\Microsoft-AppV-Client%4Operational.evtx,69632,C56210FA33A592FFE7EC13BEBB30DC016F16A0AB,False,2024-08-25 00:32:19.8152145,2024-08-25 00:32:19.8152145,2024-08-25 00:32:19.8152145,00:00:00
2024-08-26 14:57:56.7191546,C:\Windows\System32\winevt\logs\Microsoft-AppV-Client%4Virtual Applications.evtx,C:\Users\dwight\Desktop\logs\C\Windows\System32\winevt\logs\Microsoft-AppV-Client%4Virtual Applications.evtx,69632,638B920E30977F6F033510C99A0A0144547B9FAD,False,2024-08-25 00:32:19.8152145,2024-08-25 00:32:19.8152145,2024-08-25 00:32:19.8152145,00:00:00
2024-08-26 14:57:56.7348139,C:\Windows\System32\winevt\logs\Microsoft-Client-Licensing-Platform%4Admin.evtx,C:\Users\dwight\Desktop\logs\C\Windows\System32\winevt\logs\Microsoft-Client-Licensing-Platform%4Admin.evtx,69632,18DB0A7178DEE514C0A0C1D17A3CAE5A98D7F672,False,2021-05-12 04:39:08.2649394,2024-08-25 01:26:02.9890133,2024-08-25 01:26:02.9890133,00:00:00
2024-08-26 14:57:56.7504540,C:\Windows\System32\winevt\logs\Microsoft-Rdms-UI%4Admin.evtx,C:\Users\dwight\Desktop\logs\C\Windows\System32\winevt\logs\Microsoft-Rdms-UI%4Admin.evtx,69632,F2D500B74EF3BDAB3BB7484D2A82B132FB9FCC23,False,2024-08-25 00:32:19.8309410,2024-08-25 00:32:19.8309410,2024-08-25 00:32:19.8309410,00:00:00
2024-08-26 14:57:56.7504540,C:\Windows\System32\winevt\logs\Microsoft-Rdms-UI%4Operational.evtx,C:\Users\dwight\Desktop\logs\C\Windows\System32\winevt\logs\Microsoft-Rdms-UI%4Operational.evtx,69632,7E57BEAA96506930B14989165A97472FC01003FF,False,2024-08-25 00:32:19.8465893,2024-08-25 00:32:19.8465893,2024-08-25 00:32:19.8465893,00:00:00
2024-08-26 14:57:56.7659574,C:\Windows\System32\winevt\logs\Microsoft-User Experience Virtualization-Agent Driver%4Operational.evtx,C:\Users\dwight\Desktop\logs\C\Windows\System32\winevt\logs\Microsoft-User Experience Virtualization-Agent Driver%4Operational.evtx,69632,B08174F2618FB36206D534A56B3A47ADE415910A,False,2024-08-25 00:32:19.8465893,2024-08-25 00:32:19.8465893,2024-08-25 00:32:19.8465893,00:00:00
2024-08-26 14:57:56.7659574,C:\Windows\System32\winevt\logs\Microsoft-User Experience Virtualization-App Agent%4Operational.evtx,C:\Users\dwight\Desktop\logs\C\Windows\System32\winevt\logs\Microsoft-User Experience Virtualization-App Agent%4Operational.evtx,69632,B4A75F393A6FC607A176C2C5E78AB066280A84D2,False,2024-08-25 00:32:19.8619428,2024-08-25 00:32:19.8619428,2024-08-25 00:32:19.8619428,00:00:00
2024-08-26 14:57:56.7815877,C:\Windows\System32\winevt\logs\Microsoft-User Experience Virtualization-IPC%4Operational.evtx,C:\Users\dwight\Desktop\logs\C\Windows\System32\winevt\logs\Microsoft-User Experience Virtualization-IPC%4Operational.evtx,69632,549EA9E739BDADC7DC2CC7254E3A82C2F7708D1E,False,2024-08-25 00:32:19.8776177,2024-08-25 00:32:19.8776177,2024-08-25 00:32:19.8776177,00:00:00.0156303
2024-08-26 14:57:56.7815877,C:\Windows\System32\winevt\logs\Microsoft-User Experience Virtualization-SQM Uploader%4Operational.evtx,C:\Users\dwight\Desktop\logs\C\Windows\System32\winevt\logs\Microsoft-User Experience Virtualization-SQM Uploader%4Operational.evtx,69632,C126F6F0FF2957ACDEA5A0854E86CF468E0D2ED3,False,2024-08-25 00:32:19.8776177,2024-08-25 00:32:19.8931990,2024-08-25 00:32:19.8931990,00:00:00
2024-08-26 14:57:56.7974145,C:\Windows\System32\winevt\logs\Microsoft-Windows-All-User-Install-Agent%4Admin.evtx,C:\Users\dwight\Desktop\logs\C\Windows\System32\winevt\logs\Microsoft-Windows-All-User-Install-Agent%4Admin.evtx,69632,2796EB3B10F8B92016331174517CB723D58A7803,False,2024-08-25 00:32:19.9725591,2024-08-25 00:32:19.9725591,2024-08-25 00:32:19.9725591,00:00:00
2024-08-26 14:57:56.7974145,C:\Windows\System32\winevt\logs\Microsoft-Windows-AllJoyn%4Operational.evtx,C:\Users\dwight\Desktop\logs\C\Windows\System32\winevt\logs\Microsoft-Windows-AllJoyn%4Operational.evtx,69632,B12638B7898D0BE740AC0A12A326B63F9D443D6F,False,2024-08-25 00:32:19.9884149,2024-08-25 00:32:19.9884149,2024-08-25 00:32:19.9884149,00:00:00
2024-08-26 14:57:56.8128481,C:\Windows\System32\winevt\logs\Microsoft-Windows-AppHost%4Admin.evtx,C:\Users\dwight\Desktop\logs\C\Windows\System32\winevt\logs\Microsoft-Windows-AppHost%4Admin.evtx,69632,73D2739FC9AA66C243524BE56C39E0D794B19FAB,False,2024-08-25 00:32:20.0038732,2024-08-25 00:32:20.0038732,2024-08-25 00:32:20.0038732,00:00:00
2024-08-26 14:57:56.8128481,C:\Windows\System32\winevt\logs\Microsoft-Windows-AppID%4Operational.evtx,C:\Users\dwight\Desktop\logs\C\Windows\System32\winevt\logs\Microsoft-Windows-AppID%4Operational.evtx,69632,DDCB1BDCC574C9547C7C64B01805AF1ADE17F3A8,False,2024-08-25 00:32:20.0038732,2024-08-25 00:32:20.0194745,2024-08-25 00:32:20.0194745,00:00:00
2024-08-26 14:57:56.8285104,C:\Windows\System32\winevt\logs\Microsoft-Windows-ApplicabilityEngine%4Operational.evtx,C:\Users\dwight\Desktop\logs\C\Windows\System32\winevt\logs\Microsoft-Windows-ApplicabilityEngine%4Operational.evtx,69632,8435670802CB9BEC9204B538F8DD32542A812D43,False,2024-08-25 00:32:20.0497795,2024-08-25 00:32:20.0497795,2024-08-25 00:32:20.0497795,00:00:00
2024-08-26 14:57:56.8285104,C:\Windows\System32\winevt\logs\Microsoft-Windows-Application Server-Applications%4Admin.evtx,C:\Users\dwight\Desktop\logs\C\Windows\System32\winevt\logs\Microsoft-Windows-Application Server-Applications%4Admin.evtx,69632,8C85C15121A52F82B154F3FEB7E532E5CCFC5545,False,2024-08-25 00:32:20.0651045,2024-08-25 00:32:20.0651045,2024-08-25 00:32:20.0651045,00:00:00
2024-08-26 14:57:56.8441671,C:\Windows\System32\winevt\logs\Microsoft-Windows-Application Server-Applications%4Operational.evtx,C:\Users\dwight\Desktop\logs\C\Windows\System32\winevt\logs\Microsoft-Windows-Application Server-Applications%4Operational.evtx,69632,FB2655D4FC813BACD0B304CF45C508BF72B216E6,False,2024-08-25 00:32:20.0651045,2024-08-25 00:32:20.0651045,2024-08-25 00:32:20.0651045,00:00:00
2024-08-26 14:57:56.8597968,C:\Windows\System32\winevt\logs\Microsoft-Windows-Application-Experience%4Program-Compatibility-Troubleshooter.evtx,C:\Users\dwight\Desktop\logs\C\Windows\System32\winevt\logs\Microsoft-Windows-Application-Experience%4Program-Compatibility-Troubleshooter.evtx,69632,DA0036F6043333B35AB9B576F18DB07F660D30CC,False,2024-08-25 00:32:20.0963361,2024-08-25 00:32:20.0963361,2024-08-25 00:32:20.0963361,00:00:00.0156297
2024-08-26 14:57:56.8755671,C:\Windows\System32\winevt\logs\Microsoft-Windows-Application-Experience%4Program-Inventory.evtx,C:\Users\dwight\Desktop\logs\C\Windows\System32\winevt\logs\Microsoft-Windows-Application-Experience%4Program-Inventory.evtx,69632,0A8DFD240EBBB5F1C6678CE002D140767D45D541,False,2024-08-25 00:32:20.0963361,2024-08-25 00:32:20.0963361,2024-08-25 00:32:20.0963361,00:00:00.0157703
2024-08-26 14:57:56.8755671,C:\Windows\System32\winevt\logs\Microsoft-Windows-Application-Experience%4Program-Telemetry.evtx,C:\Users\dwight\Desktop\logs\C\Windows\System32\winevt\logs\Microsoft-Windows-Application-Experience%4Program-Telemetry.evtx,69632,70DBA92B04C3D268DB1F80895F32051259274C58,False,2024-08-25 00:32:20.1118968,2024-08-25 00:32:20.1118968,2024-08-25 00:32:20.1118968,00:00:00
2024-08-26 14:57:56.8909855,C:\Windows\System32\winevt\logs\Microsoft-Windows-Application-Experience%4Steps-Recorder.evtx,C:\Users\dwight\Desktop\logs\C\Windows\System32\winevt\logs\Microsoft-Windows-Application-Experience%4Steps-Recorder.evtx,69632,1BA3971B8FED57E7851E5DA6667B7EEDFF953A36,False,2024-08-25 00:32:20.1118968,2024-08-25 00:32:20.1118968,2024-08-25 00:32:20.1118968,00:00:00.0154184
2024-08-26 14:57:56.8909855,C:\Windows\System32\winevt\logs\Microsoft-Windows-AppLocker%4EXE and DLL.evtx,C:\Users\dwight\Desktop\logs\C\Windows\System32\winevt\logs\Microsoft-Windows-AppLocker%4EXE and DLL.evtx,69632,FCF0D06D123D8EA319581979D4456806311F8032,False,2024-08-25 00:32:20.1275608,2024-08-25 00:32:20.1275608,2024-08-25 00:32:20.1275608,00:00:00
2024-08-26 14:57:56.9070004,C:\Windows\System32\winevt\logs\Microsoft-Windows-AppLocker%4MSI and Script.evtx,C:\Users\dwight\Desktop\logs\C\Windows\System32\winevt\logs\Microsoft-Windows-AppLocker%4MSI and Script.evtx,69632,0F9D973BE7F120C82D34EDEB41FF8F293DBFC359,False,2024-08-25 00:32:20.1275608,2024-08-25 00:32:20.1275608,2024-08-25 00:32:20.1275608,00:00:00.0160149
2024-08-26 14:57:56.9070004,C:\Windows\System32\winevt\logs\Microsoft-Windows-AppLocker%4Packaged app-Deployment.evtx,C:\Users\dwight\Desktop\logs\C\Windows\System32\winevt\logs\Microsoft-Windows-AppLocker%4Packaged app-Deployment.evtx,69632,659A4EB522A98624465A197549133BC7C45BB2C0,False,2024-08-25 00:32:20.1901561,2024-08-25 00:32:20.2219589,2024-08-25 00:32:20.2219589,00:00:00
2024-08-26 14:57:56.9228780,C:\Windows\System32\winevt\logs\Microsoft-Windows-AppLocker%4Packaged app-Execution.evtx,C:\Users\dwight\Desktop\logs\C\Windows\System32\winevt\logs\Microsoft-Windows-AppLocker%4Packaged app-Execution.evtx,69632,BDA8071BD7B2AB0249208566C6F8E9C6C2A0EA19,False,2024-08-25 00:32:20.2388474,2024-08-25 00:32:20.2388474,2024-08-25 00:32:20.2388474,00:00:00
2024-08-26 14:57:56.9387494,C:\Windows\System32\winevt\logs\Microsoft-Windows-AppReadiness%4Admin.evtx,C:\Users\dwight\Desktop\logs\C\Windows\System32\winevt\logs\Microsoft-Windows-AppReadiness%4Admin.evtx,1118208,A95A5A95C58B1DE127122AABDD8344DDC4CC8129,False,2021-05-12 11:38:59.7349916,2024-08-25 01:25:02.0821817,2024-08-25 01:25:02.0821817,00:00:00
2024-08-26 14:57:56.9536153,C:\Windows\System32\winevt\logs\Microsoft-Windows-AppReadiness%4Operational.evtx,C:\Users\dwight\Desktop\logs\C\Windows\System32\winevt\logs\Microsoft-Windows-AppReadiness%4Operational.evtx,1118208,11D51765945939D0CCA3294C47EC736EBBC0B7BC,False,2021-05-12 11:38:59.7506182,2024-08-25 01:25:13.6438460,2024-08-25 01:25:13.6438460,00:00:00
2024-08-26 14:57:56.9850853,C:\Windows\System32\winevt\logs\Microsoft-Windows-AppxPackaging%4Operational.evtx,C:\Users\dwight\Desktop\logs\C\Windows\System32\winevt\logs\Microsoft-Windows-AppxPackaging%4Operational.evtx,69632,96257C5F2DD3458D93E191A7931D44F5A89B744C,False,2021-05-12 11:38:18.9893459,2024-08-25 01:26:18.5662213,2024-08-25 01:26:18.5662213,00:00:00.0158106
2024-08-26 14:57:56.9850853,C:\Windows\System32\winevt\logs\Microsoft-Windows-Audio%4CaptureMonitor.evtx,C:\Users\dwight\Desktop\logs\C\Windows\System32\winevt\logs\Microsoft-Windows-Audio%4CaptureMonitor.evtx,69632,D3106D6C5A5FB6E6C56F571354C761FEDCEE5D78,False,2024-08-25 00:32:20.2849016,2024-08-25 00:32:20.2849016,2024-08-25 00:32:20.2849016,00:00:00
2024-08-26 14:57:57.2206400,C:\Windows\System32\winevt\logs\Microsoft-Windows-Audio%4Operational.evtx,C:\Users\dwight\Desktop\logs\C\Windows\System32\winevt\logs\Microsoft-Windows-Audio%4Operational.evtx,69632,292EC2E952BB4F85C194A0069FEE1BFAED181A7E,False,2024-08-25 00:32:20.2849016,2024-08-25 00:32:20.2849016,2024-08-25 00:32:20.2849016,00:00:00.0155401
2024-08-26 14:57:57.2206400,C:\Windows\System32\winevt\logs\Microsoft-Windows-Audio%4PlaybackManager.evtx,C:\Users\dwight\Desktop\logs\C\Windows\System32\winevt\logs\Microsoft-Windows-Audio%4PlaybackManager.evtx,69632,BB0CD18A91516D1644DBE6788AA04EACE08019BF,False,2024-08-25 00:32:20.3004000,2024-08-25 00:32:20.3004000,2024-08-25 00:32:20.3004000,00:00:00
2024-08-26 14:57:57.2359608,C:\Windows\System32\winevt\logs\Microsoft-Windows-Authentication User Interface%4Operational.evtx,C:\Users\dwight\Desktop\logs\C\Windows\System32\winevt\logs\Microsoft-Windows-Authentication User Interface%4Operational.evtx,69632,0DBAA46B02CA83918E15684577A09082A9946245,False,2024-08-24 00:08:47.7839343,2024-08-24 00:14:26.3662994,2024-08-24 00:14:26.3662994,00:00:00.0153208
2024-08-26 14:57:57.2359608,C:\Windows\System32\winevt\logs\Microsoft-Windows-BackgroundTaskInfrastructure%4Operational.evtx,C:\Users\dwight\Desktop\logs\C\Windows\System32\winevt\logs\Microsoft-Windows-BackgroundTaskInfrastructure%4Operational.evtx,69632,9E9D766575C379B652271B5724BE2A01E7071C6A,False,2024-08-24 00:08:28.3376237,2024-08-24 00:08:31.4086864,2024-08-24 00:08:31.4086864,00:00:00
2024-08-26 14:57:57.2510986,C:\Windows\System32\winevt\logs\Microsoft-Windows-Backup.evtx,C:\Users\dwight\Desktop\logs\C\Windows\System32\winevt\logs\Microsoft-Windows-Backup.evtx,69632,5FB58C27DE465A89E2FBCC21DC4D79B139B5DEB2,False,2024-08-25 00:32:20.3318886,2024-08-25 00:32:20.3476589,2024-08-25 00:32:20.3476589,00:00:00.0151378
2024-08-26 14:57:57.2510986,C:\Windows\System32\winevt\logs\Microsoft-Windows-BestPractices%4Operational.evtx,C:\Users\dwight\Desktop\logs\C\Windows\System32\winevt\logs\Microsoft-Windows-BestPractices%4Operational.evtx,69632,6FCB4B009E6F91D6A45DA4B8D53D0D13ED1020ED,False,2024-08-25 00:32:20.3631272,2024-08-25 00:32:20.3631272,2024-08-25 00:32:20.3631272,00:00:00
2024-08-26 14:57:57.2510986,C:\Windows\System32\winevt\logs\Microsoft-Windows-Biometrics%4Operational.evtx,C:\Users\dwight\Desktop\logs\C\Windows\System32\winevt\logs\Microsoft-Windows-Biometrics%4Operational.evtx,69632,C8380016B360C90261CB0525AF427B08863D6501,False,2024-08-25 00:32:20.3631272,2024-08-25 00:32:20.3631272,2024-08-25 00:32:20.3631272,00:00:00
2024-08-26 14:57:57.2666434,C:\Windows\System32\winevt\logs\Microsoft-Windows-Bluetooth-BthLEPrepairing%4Operational.evtx,C:\Users\dwight\Desktop\logs\C\Windows\System32\winevt\logs\Microsoft-Windows-Bluetooth-BthLEPrepairing%4Operational.evtx,69632,3617AE199998E21A207DFAF02A738E34CC89ABCC,False,2024-08-25 00:32:20.3786321,2024-08-25 00:32:20.3786321,2024-08-25 00:32:20.3786321,00:00:00
2024-08-26 14:57:57.2666434,C:\Windows\System32\winevt\logs\Microsoft-Windows-Bluetooth-MTPEnum%4Operational.evtx,C:\Users\dwight\Desktop\logs\C\Windows\System32\winevt\logs\Microsoft-Windows-Bluetooth-MTPEnum%4Operational.evtx,69632,3883350A68E598E69857F70962AF54BD72ED4575,False,2024-08-25 00:32:20.3944916,2024-08-25 00:32:20.3944916,2024-08-25 00:32:20.3944916,00:00:00
2024-08-26 14:57:57.2822695,C:\Windows\System32\winevt\logs\Microsoft-Windows-Bluetooth-Policy%4Operational.evtx,C:\Users\dwight\Desktop\logs\C\Windows\System32\winevt\logs\Microsoft-Windows-Bluetooth-Policy%4Operational.evtx,69632,59FFEEF9265644094ADEC2AD539A52D7C097F219,False,2024-08-25 00:32:20.3944916,2024-08-25 00:32:20.4102870,2024-08-25 00:32:20.4102870,00:00:00.0156261
2024-08-26 14:57:57.2822695,C:\Windows\System32\winevt\logs\Microsoft-Windows-BranchCacheSMB%4Operational.evtx,C:\Users\dwight\Desktop\logs\C\Windows\System32\winevt\logs\Microsoft-Windows-BranchCacheSMB%4Operational.evtx,69632,86D09B60ECE860E2D7BA852DC85249E49EC7041F,False,2024-08-25 00:32:20.4102870,2024-08-25 00:32:20.4102870,2024-08-25 00:32:20.4102870,00:00:00
2024-08-26 14:57:57.2977665,C:\Windows\System32\winevt\logs\Microsoft-Windows-CertificateServices-Deployment%4Operational.evtx,C:\Users\dwight\Desktop\logs\C\Windows\System32\winevt\logs\Microsoft-Windows-CertificateServices-Deployment%4Operational.evtx,69632,771251D81C22549DF254350F8796E6DA38DA52D5,False,2024-08-25 00:32:20.4252721,2024-08-25 00:32:20.4252721,2024-08-25 00:32:20.4252721,00:00:00.0154970
2024-08-26 14:57:57.2977665,C:\Windows\System32\winevt\logs\Microsoft-Windows-CertificateServicesClient-Lifecycle-System%4Operational.evtx,C:\Users\dwight\Desktop\logs\C\Windows\System32\winevt\logs\Microsoft-Windows-CertificateServicesClient-Lifecycle-System%4Operational.evtx,69632,3FDED41DBCB28A6406EF6B530CBAC5E19D5FF61D,False,2024-08-25 00:32:20.4415746,2024-08-25 00:32:20.4415746,2024-08-25 00:32:20.4415746,00:00:00
2024-08-26 14:57:57.2977665,C:\Windows\System32\winevt\logs\Microsoft-Windows-CertificateServicesClient-Lifecycle-User%4Operational.evtx,C:\Users\dwight\Desktop\logs\C\Windows\System32\winevt\logs\Microsoft-Windows-CertificateServicesClient-Lifecycle-User%4Operational.evtx,69632,785C74753151372714B4FC36D746DC3E3855DAC5,False,2024-08-25 00:32:20.4415746,2024-08-25 00:32:20.4415746,2024-08-25 00:32:20.4415746,00:00:00
2024-08-26 14:57:57.3142807,C:\Windows\System32\winevt\logs\Microsoft-Windows-CloudStore%4Operational.evtx,C:\Users\dwight\Desktop\logs\C\Windows\System32\winevt\logs\Microsoft-Windows-CloudStore%4Operational.evtx,69632,AA4D7B29115B28DABF85CB1C3090D2816AECAA70,False,2024-08-25 00:32:20.4567952,2024-08-25 00:32:20.4884690,2024-08-25 00:32:20.4884690,00:00:00
2024-08-26 14:57:57.3293046,C:\Windows\System32\winevt\logs\Microsoft-Windows-Compat-Appraiser%4Operational.evtx,C:\Users\dwight\Desktop\logs\C\Windows\System32\winevt\logs\Microsoft-Windows-Compat-Appraiser%4Operational.evtx,69632,3984007B60C97968B1F7F73D67398AD6FF5309BF,False,2024-08-25 00:32:20.5037811,2024-08-25 00:32:20.5037811,2024-08-25 00:32:20.5037811,00:00:00.0150239
2024-08-26 14:57:57.3293046,C:\Windows\System32\winevt\logs\Microsoft-Windows-Containers-BindFlt%4Operational.evtx,C:\Users\dwight\Desktop\logs\C\Windows\System32\winevt\logs\Microsoft-Windows-Containers-BindFlt%4Operational.evtx,69632,016058A958344609649094B509F1D6BF993A3F92,False,2024-08-25 00:32:20.5037811,2024-08-25 00:32:20.5197422,2024-08-25 00:32:20.5197422,00:00:00
2024-08-26 14:57:57.3293046,C:\Windows\System32\winevt\logs\Microsoft-Windows-Containers-Wcnfs%4Operational.evtx,C:\Users\dwight\Desktop\logs\C\Windows\System32\winevt\logs\Microsoft-Windows-Containers-Wcnfs%4Operational.evtx,69632,11DF1C051A4A82A10303004D343775055A63E662,False,2024-08-25 00:32:20.5349626,2024-08-25 00:32:20.5505480,2024-08-25 00:32:20.5505480,00:00:00
2024-08-26 14:57:57.3454049,C:\Windows\System32\winevt\logs\Microsoft-Windows-CoreApplication%4Operational.evtx,C:\Users\dwight\Desktop\logs\C\Windows\System32\winevt\logs\Microsoft-Windows-CoreApplication%4Operational.evtx,69632,D2D8592CE3A5D73C25DB38FF94D3F6CE96BBD98E,False,2024-08-25 00:32:20.5505480,2024-08-25 00:32:20.5505480,2024-08-25 00:32:20.5505480,00:00:00
2024-08-26 14:57:57.3454049,C:\Windows\System32\winevt\logs\Microsoft-Windows-CorruptedFileRecovery-Client%4Operational.evtx,C:\Users\dwight\Desktop\logs\C\Windows\System32\winevt\logs\Microsoft-Windows-CorruptedFileRecovery-Client%4Operational.evtx,69632,24252CE9C13A3C68AD28C7724BCA386D005D2178,False,2024-08-25 00:32:20.5661344,2024-08-25 00:32:20.5661344,2024-08-25 00:32:20.5661344,00:00:00
2024-08-26 14:57:57.3609268,C:\Windows\System32\winevt\logs\Microsoft-Windows-CorruptedFileRecovery-Server%4Operational.evtx,C:\Users\dwight\Desktop\logs\C\Windows\System32\winevt\logs\Microsoft-Windows-CorruptedFileRecovery-Server%4Operational.evtx,69632,FEFC75192A7119F3F52AB325CDEEC5C59E0C908A,False,2024-08-25 00:32:20.5661344,2024-08-25 00:32:20.5661344,2024-08-25 00:32:20.5661344,00:00:00
2024-08-26 14:57:57.3609268,C:\Windows\System32\winevt\logs\Microsoft-Windows-DAL-Provider%4Operational.evtx,C:\Users\dwight\Desktop\logs\C\Windows\System32\winevt\logs\Microsoft-Windows-DAL-Provider%4Operational.evtx,69632,844C51D44790A03A21328C59024ABADBC271EC88,False,2024-08-25 00:32:20.6121567,2024-08-25 00:32:20.6121567,2024-08-25 00:32:20.6121567,00:00:00
2024-08-26 14:57:57.3767310,C:\Windows\System32\winevt\logs\Microsoft-Windows-DateTimeControlPanel%4Operational.evtx,C:\Users\dwight\Desktop\logs\C\Windows\System32\winevt\logs\Microsoft-Windows-DateTimeControlPanel%4Operational.evtx,69632,04C59A7DA6E1DFCB51768AFF3DF510D1EB418355,False,2024-08-25 00:32:20.6275567,2024-08-25 00:32:20.6275567,2024-08-25 00:32:20.6275567,00:00:00
2024-08-26 14:57:57.3922455,C:\Windows\System32\winevt\logs\Microsoft-Windows-DeviceGuard%4Operational.evtx,C:\Users\dwight\Desktop\logs\C\Windows\System32\winevt\logs\Microsoft-Windows-DeviceGuard%4Operational.evtx,69632,6E43B279BC50DD125650DC1ADE2E1373CD2FC59C,False,2024-08-25 00:32:20.6432100,2024-08-25 00:32:20.6432100,2024-08-25 00:32:20.6432100,00:00:00
2024-08-26 14:57:57.3922455,C:\Windows\System32\winevt\logs\Microsoft-Windows-DeviceManagement-Enterprise-Diagnostics-Provider%4Admin.evtx,C:\Users\dwight\Desktop\logs\C\Windows\System32\winevt\logs\Microsoft-Windows-DeviceManagement-Enterprise-Diagnostics-Provider%4Admin.evtx,69632,BE59D8077561F1AD1964751CEC06977070A6C7D1,False,2021-05-12 04:39:33.8894304,2021-05-12 04:57:22.8184752,2021-05-12 04:57:22.8184752,00:00:00
2024-08-26 14:57:57.4074841,C:\Windows\System32\winevt\logs\Microsoft-Windows-DeviceManagement-Enterprise-Diagnostics-Provider%4Operational.evtx,C:\Users\dwight\Desktop\logs\C\Windows\System32\winevt\logs\Microsoft-Windows-DeviceManagement-Enterprise-Diagnostics-Provider%4Operational.evtx,69632,08E252CECD5A37205A5D886C18DAE372B5D682DD,False,2021-05-12 04:39:33.8894304,2021-05-12 04:57:22.8184752,2021-05-12 04:57:22.8184752,00:00:00.0152386
2024-08-26 14:57:57.4074841,C:\Windows\System32\winevt\logs\Microsoft-Windows-Devices-Background%4Operational.evtx,C:\Users\dwight\Desktop\logs\C\Windows\System32\winevt\logs\Microsoft-Windows-Devices-Background%4Operational.evtx,69632,E05DDA863754979D08DF21EFBB5892895159C091,False,2024-08-25 00:32:20.6589332,2024-08-25 00:32:20.6745003,2024-08-25 00:32:20.6745003,00:00:00
2024-08-26 14:57:57.4237714,C:\Windows\System32\winevt\logs\Microsoft-Windows-DeviceSync%4Operational.evtx,C:\Users\dwight\Desktop\logs\C\Windows\System32\winevt\logs\Microsoft-Windows-DeviceSync%4Operational.evtx,69632,A498FF15E815EFF3307544BE577D976AC90FAECF,False,2024-08-25 00:32:20.6902032,2024-08-25 00:32:20.6902032,2024-08-25 00:32:20.6902032,00:00:00
2024-08-26 14:57:57.4237714,C:\Windows\System32\winevt\logs\Microsoft-Windows-DeviceUpdateAgent%4Operational.evtx,C:\Users\dwight\Desktop\logs\C\Windows\System32\winevt\logs\Microsoft-Windows-DeviceUpdateAgent%4Operational.evtx,69632,746642B8830BB29F007DCD074074DE44C07DAF77,False,2024-08-25 00:32:20.6902032,2024-08-25 00:32:20.6902032,2024-08-25 00:32:20.6902032,00:00:00
2024-08-26 14:57:57.4385718,C:\Windows\System32\winevt\logs\Microsoft-Windows-Diagnosis-DPS%4Operational.evtx,C:\Users\dwight\Desktop\logs\C\Windows\System32\winevt\logs\Microsoft-Windows-Diagnosis-DPS%4Operational.evtx,69632,C9DF9FBD33533D828E4FB68F8FB9B6FD3B260450,False,2024-08-25 00:32:20.7215070,2024-08-25 00:32:20.7215070,2024-08-25 00:32:20.7215070,00:00:00
2024-08-26 14:57:57.4385718,C:\Windows\System32\winevt\logs\Microsoft-Windows-Diagnosis-PCW%4Operational.evtx,C:\Users\dwight\Desktop\logs\C\Windows\System32\winevt\logs\Microsoft-Windows-Diagnosis-PCW%4Operational.evtx,69632,46A7642D7F4F049CB2DE7241E66CFCF3994EE4DB,False,2024-08-25 00:32:20.7370066,2024-08-25 00:32:20.7370066,2024-08-25 00:32:20.7370066,00:00:00
2024-08-26 14:57:57.4544514,C:\Windows\System32\winevt\logs\Microsoft-Windows-Diagnosis-PLA%4Operational.evtx,C:\Users\dwight\Desktop\logs\C\Windows\System32\winevt\logs\Microsoft-Windows-Diagnosis-PLA%4Operational.evtx,69632,2E815B72702DCDCFE155D557DB4FDD4AEC529E83,False,2024-08-25 00:32:20.7370066,2024-08-25 00:32:20.7527018,2024-08-25 00:32:20.7527018,00:00:00
2024-08-26 14:57:57.4702195,C:\Windows\System32\winevt\logs\Microsoft-Windows-Diagnosis-Scripted%4Admin.evtx,C:\Users\dwight\Desktop\logs\C\Windows\System32\winevt\logs\Microsoft-Windows-Diagnosis-Scripted%4Admin.evtx,69632,378CF65A0FFCFA3F192FC5172B8135E28716731E,False,2024-08-25 00:32:20.7995590,2024-08-25 00:32:20.7995590,2024-08-25 00:32:20.7995590,00:00:00.0157681
2024-08-26 14:57:57.4702195,C:\Windows\System32\winevt\logs\Microsoft-Windows-Diagnosis-Scripted%4Operational.evtx,C:\Users\dwight\Desktop\logs\C\Windows\System32\winevt\logs\Microsoft-Windows-Diagnosis-Scripted%4Operational.evtx,69632,9B93F0DD350893B3A5205C68EB245F8EE43B0A41,False,2024-08-25 00:32:20.7995590,2024-08-25 00:32:20.8151226,2024-08-25 00:32:20.8151226,00:00:00
2024-08-26 14:57:57.4855008,C:\Windows\System32\winevt\logs\Microsoft-Windows-Diagnosis-ScriptedDiagnosticsProvider%4Operational.evtx,C:\Users\dwight\Desktop\logs\C\Windows\System32\winevt\logs\Microsoft-Windows-Diagnosis-ScriptedDiagnosticsProvider%4Operational.evtx,69632,FAB5759BA206EE7450C947A333365C1DF054999D,False,2024-08-25 00:32:20.8306987,2024-08-25 00:32:20.8306987,2024-08-25 00:32:20.8306987,00:00:00.0152813
2024-08-26 14:57:57.4855008,C:\Windows\System32\winevt\logs\Microsoft-Windows-Diagnostics-Networking%4Operational.evtx,C:\Users\dwight\Desktop\logs\C\Windows\System32\winevt\logs\Microsoft-Windows-Diagnostics-Networking%4Operational.evtx,69632,BD302F21B34CD8F5E735B3DBB5DC035E44F27C7A,False,2024-08-25 00:32:20.8463010,2024-08-25 00:32:20.8463010,2024-08-25 00:32:20.8463010,00:00:00
2024-08-26 14:57:57.4855008,C:\Windows\System32\winevt\logs\Microsoft-Windows-DirectoryServices-Deployment%4Operational.evtx,C:\Users\dwight\Desktop\logs\C\Windows\System32\winevt\logs\Microsoft-Windows-DirectoryServices-Deployment%4Operational.evtx,69632,DBEAA19CA92CF13187BC06129A8B393AFB65CE6B,False,2024-08-25 00:32:20.8776300,2024-08-25 00:32:20.8776300,2024-08-25 00:32:20.8776300,00:00:00
2024-08-26 14:57:57.5011179,C:\Windows\System32\winevt\logs\Microsoft-Windows-DiskDiagnostic%4Operational.evtx,C:\Users\dwight\Desktop\logs\C\Windows\System32\winevt\logs\Microsoft-Windows-DiskDiagnostic%4Operational.evtx,69632,0880425D7F1182C23C4B964F8A41CF0C554BDE86,False,2024-08-25 00:32:20.8933871,2024-08-25 00:32:20.9089879,2024-08-25 00:32:20.9089879,00:00:00
2024-08-26 14:57:57.5011179,C:\Windows\System32\winevt\logs\Microsoft-Windows-DiskDiagnosticDataCollector%4Operational.evtx,C:\Users\dwight\Desktop\logs\C\Windows\System32\winevt\logs\Microsoft-Windows-DiskDiagnosticDataCollector%4Operational.evtx,69632,1B709E52A8CCC6158A32D657EA66C44A98EEF65B,False,2024-08-25 00:32:20.9089879,2024-08-25 00:32:20.9244468,2024-08-25 00:32:20.9244468,00:00:00
2024-08-26 14:57:57.5168176,C:\Windows\System32\winevt\logs\Microsoft-Windows-DiskDiagnosticResolver%4Operational.evtx,C:\Users\dwight\Desktop\logs\C\Windows\System32\winevt\logs\Microsoft-Windows-DiskDiagnosticResolver%4Operational.evtx,69632,1B40C9AB1272A16BE502F969C9F1008148072805,False,2024-08-25 00:32:20.9402878,2024-08-25 00:32:20.9402878,2024-08-25 00:32:20.9402878,00:00:00.0156997
2024-08-26 14:57:57.5168176,C:\Windows\System32\winevt\logs\Microsoft-Windows-DSC%4Admin.evtx,C:\Users\dwight\Desktop\logs\C\Windows\System32\winevt\logs\Microsoft-Windows-DSC%4Admin.evtx,69632,36A05768BDB67C2DDCFFE29F183AA30ACF844AD1,False,2024-08-25 00:32:21.0026712,2024-08-25 00:32:21.0026712,2024-08-25 00:32:21.0026712,00:00:00
2024-08-26 14:57:57.5168176,C:\Windows\System32\winevt\logs\Microsoft-Windows-DSC%4Operational.evtx,C:\Users\dwight\Desktop\logs\C\Windows\System32\winevt\logs\Microsoft-Windows-DSC%4Operational.evtx,69632,13F9D6EC3D300530E01843BB970905A8E03F8B37,False,2024-08-25 00:32:21.0182850,2024-08-25 00:32:21.0182850,2024-08-25 00:32:21.0182850,00:00:00
2024-08-26 14:57:57.5327094,C:\Windows\System32\winevt\logs\Microsoft-Windows-EapHost%4Operational.evtx,C:\Users\dwight\Desktop\logs\C\Windows\System32\winevt\logs\Microsoft-Windows-EapHost%4Operational.evtx,69632,FFDF5F67F8C63D3D5D9184B063C5A628D71883E1,False,2024-08-25 00:32:21.0340400,2024-08-25 00:32:21.0340400,2024-08-25 00:32:21.0340400,00:00:00
2024-08-26 14:57:57.5327094,C:\Windows\System32\winevt\logs\Microsoft-Windows-EapMethods-RasChap%4Operational.evtx,C:\Users\dwight\Desktop\logs\C\Windows\System32\winevt\logs\Microsoft-Windows-EapMethods-RasChap%4Operational.evtx,69632,7D58CB89AE21DF0252A48763F4C12F13202A11AF,False,2024-08-25 00:32:21.0494948,2024-08-25 00:32:21.0494948,2024-08-25 00:32:21.0494948,00:00:00
2024-08-26 14:57:57.5487500,C:\Windows\System32\winevt\logs\Microsoft-Windows-EapMethods-RasTls%4Operational.evtx,C:\Users\dwight\Desktop\logs\C\Windows\System32\winevt\logs\Microsoft-Windows-EapMethods-RasTls%4Operational.evtx,69632,F1F015F2A9E47F103D999357D24FD9B9212513F9,False,2024-08-25 00:32:21.0806963,2024-08-25 00:32:21.1118735,2024-08-25 00:32:21.1118735,00:00:00
2024-08-26 14:57:57.5487500,C:\Windows\System32\winevt\logs\Microsoft-Windows-EapMethods-Sim%4Operational.evtx,C:\Users\dwight\Desktop\logs\C\Windows\System32\winevt\logs\Microsoft-Windows-EapMethods-Sim%4Operational.evtx,69632,869E676F460F5214DFD1E3CDF54E191FCEF6ECA3,False,2024-08-25 00:32:21.1277433,2024-08-25 00:32:21.1277433,2024-08-25 00:32:21.1277433,00:00:00
2024-08-26 14:57:57.5630803,C:\Windows\System32\winevt\logs\Microsoft-Windows-EapMethods-Ttls%4Operational.evtx,C:\Users\dwight\Desktop\logs\C\Windows\System32\winevt\logs\Microsoft-Windows-EapMethods-Ttls%4Operational.evtx,69632,527AF051CB85F894C43C974475C75040456154ED,False,2024-08-25 00:32:21.1588279,2024-08-25 00:32:21.1746154,2024-08-25 00:32:21.1746154,00:00:00.0143303
2024-08-26 14:57:57.5630803,C:\Windows\System32\winevt\logs\Microsoft-Windows-EDP-Application-Learning%4Admin.evtx,C:\Users\dwight\Desktop\logs\C\Windows\System32\winevt\logs\Microsoft-Windows-EDP-Application-Learning%4Admin.evtx,69632,593716A02C30603BB50E17618FC90D061165A732,False,2024-08-25 00:32:21.1904447,2024-08-25 00:32:21.2994558,2024-08-25 00:32:21.2994558,00:00:00
2024-08-26 14:57:57.5630803,C:\Windows\System32\winevt\logs\Microsoft-Windows-EDP-Audit-Regular%4Admin.evtx,C:\Users\dwight\Desktop\logs\C\Windows\System32\winevt\logs\Microsoft-Windows-EDP-Audit-Regular%4Admin.evtx,69632,2DBF85FDA7789CEFE8FBF5D21B4DBB0E25D65E72,False,2024-08-25 00:32:21.3152420,2024-08-25 00:32:21.3152420,2024-08-25 00:32:21.3152420,00:00:00
2024-08-26 14:57:57.5793326,C:\Windows\System32\winevt\logs\Microsoft-Windows-EDP-Audit-TCB%4Admin.evtx,C:\Users\dwight\Desktop\logs\C\Windows\System32\winevt\logs\Microsoft-Windows-EDP-Audit-TCB%4Admin.evtx,69632,4DCF2D7FE42336AAA4BD39E9049B1998533D74AE,False,2024-08-25 00:32:21.3308686,2024-08-25 00:32:21.3624038,2024-08-25 00:32:21.3624038,00:00:00.0162523
2024-08-26 14:57:57.5793326,C:\Windows\System32\winevt\logs\Microsoft-Windows-EnrollmentPolicyWebService%4Admin.evtx,C:\Users\dwight\Desktop\logs\C\Windows\System32\winevt\logs\Microsoft-Windows-EnrollmentPolicyWebService%4Admin.evtx,69632,63F15CB549B03F67C993C57BE41E2A40916808A4,False,2024-08-25 00:32:21.3778513,2024-08-25 00:32:21.4091305,2024-08-25 00:32:21.4091305,00:00:00
2024-08-26 14:57:57.5793326,C:\Windows\System32\winevt\logs\Microsoft-Windows-EnrollmentWebService%4Admin.evtx,C:\Users\dwight\Desktop\logs\C\Windows\System32\winevt\logs\Microsoft-Windows-EnrollmentWebService%4Admin.evtx,69632,59BD600344F04DF400669DBE5B7F25FE4DC85642,False,2024-08-25 00:32:21.4400752,2024-08-25 00:32:21.4558319,2024-08-25 00:32:21.4558319,00:00:00
2024-08-26 14:57:57.5949873,C:\Windows\System32\winevt\logs\Microsoft-Windows-EventCollector%4Operational.evtx,C:\Users\dwight\Desktop\logs\C\Windows\System32\winevt\logs\Microsoft-Windows-EventCollector%4Operational.evtx,69632,A1557A83DACBA4D7CDC5AE6088046BF105C702ED,False,2024-08-25 00:32:21.4715145,2024-08-25 00:32:21.4715145,2024-08-25 00:32:21.4715145,00:00:00
2024-08-26 14:57:57.6120284,C:\Windows\System32\winevt\logs\Microsoft-Windows-Fault-Tolerant-Heap%4Operational.evtx,C:\Users\dwight\Desktop\logs\C\Windows\System32\winevt\logs\Microsoft-Windows-Fault-Tolerant-Heap%4Operational.evtx,69632,1BF6D981BF391637E5AAD59D30F1667948A61F5F,False,2024-08-25 00:32:21.4870173,2024-08-25 00:32:21.4870173,2024-08-25 00:32:21.4870173,00:00:00.0170411
2024-08-26 14:57:57.6120284,C:\Windows\System32\winevt\logs\Microsoft-Windows-FeatureConfiguration%4Operational.evtx,C:\Users\dwight\Desktop\logs\C\Windows\System32\winevt\logs\Microsoft-Windows-FeatureConfiguration%4Operational.evtx,69632,EBD463F67B89CFF4D0E971D27C68A2A5CF13D909,False,2024-08-25 00:32:21.5494841,2024-08-25 00:32:21.6119915,2024-08-25 00:32:21.6119915,00:00:00
2024-08-26 14:57:57.6120284,C:\Windows\System32\winevt\logs\Microsoft-Windows-FederationServices-Deployment%4Operational.evtx,C:\Users\dwight\Desktop\logs\C\Windows\System32\winevt\logs\Microsoft-Windows-FederationServices-Deployment%4Operational.evtx,69632,B3DEA08C10CE083B69E97FF4D9DB0FDBC682EA0B,False,2024-08-25 00:32:21.6277067,2024-08-25 00:32:21.6277067,2024-08-25 00:32:21.6277067,00:00:00
2024-08-26 14:57:57.6261488,C:\Windows\System32\winevt\logs\Microsoft-Windows-FileServices-ServerManager-EventProvider%4Admin.evtx,C:\Users\dwight\Desktop\logs\C\Windows\System32\winevt\logs\Microsoft-Windows-FileServices-ServerManager-EventProvider%4Admin.evtx,69632,73AF6302A9CBC5DDBD3EB36661EBC8554BCF8FE3,False,2024-08-25 00:32:21.6433277,2024-08-25 00:32:21.6433277,2024-08-25 00:32:21.6433277,00:00:00
2024-08-26 14:57:57.6261488,C:\Windows\System32\winevt\logs\Microsoft-Windows-FileServices-ServerManager-EventProvider%4Operational.evtx,C:\Users\dwight\Desktop\logs\C\Windows\System32\winevt\logs\Microsoft-Windows-FileServices-ServerManager-EventProvider%4Operational.evtx,69632,DEE1937ADEB08D2FB5753135988D6941D3CEB29B,False,2024-08-25 00:32:21.6589035,2024-08-25 00:32:21.6589035,2024-08-25 00:32:21.6589035,00:00:00
2024-08-26 14:57:57.6261488,C:\Windows\System32\winevt\logs\Microsoft-Windows-FileShareShadowCopyProvider%4Operational.evtx,C:\Users\dwight\Desktop\logs\C\Windows\System32\winevt\logs\Microsoft-Windows-FileShareShadowCopyProvider%4Operational.evtx,69632,5C08160F28AD34E8C1602243151D8DAEBA0984C6,False,2024-08-25 00:32:21.6745590,2024-08-25 00:32:21.6745590,2024-08-25 00:32:21.6745590,00:00:00
2024-08-26 14:57:57.6426413,C:\Windows\System32\winevt\logs\Microsoft-Windows-FMS%4Operational.evtx,C:\Users\dwight\Desktop\logs\C\Windows\System32\winevt\logs\Microsoft-Windows-FMS%4Operational.evtx,69632,7CC372137A38F3D360E54BDD1AEC8935306F58A0,False,2024-08-25 00:32:21.6745590,2024-08-25 00:32:21.6903471,2024-08-25 00:32:21.6903471,00:00:00
2024-08-26 14:57:57.6426413,C:\Windows\System32\winevt\logs\Microsoft-Windows-Folder Redirection%4Operational.evtx,C:\Users\dwight\Desktop\logs\C\Windows\System32\winevt\logs\Microsoft-Windows-Folder Redirection%4Operational.evtx,69632,E0CD495F956796B605A0C187A8398177BF31C533,False,2024-08-25 00:32:21.6903471,2024-08-25 00:32:21.6903471,2024-08-25 00:32:21.6903471,00:00:00
2024-08-26 14:57:57.6578047,C:\Windows\System32\winevt\logs\Microsoft-Windows-Forwarding%4Operational.evtx,C:\Users\dwight\Desktop\logs\C\Windows\System32\winevt\logs\Microsoft-Windows-Forwarding%4Operational.evtx,69632,00B38ADA8BFF3C1CB48973A3717EEB48D8BBEA56,False,2024-08-24 00:15:22.1585866,2024-08-25 00:32:21.7058831,2024-08-25 00:32:21.7058831,00:00:00.0151634
2024-08-26 14:57:57.6578047,C:\Windows\System32\winevt\logs\Microsoft-Windows-GenericRoaming%4Admin.evtx,C:\Users\dwight\Desktop\logs\C\Windows\System32\winevt\logs\Microsoft-Windows-GenericRoaming%4Admin.evtx,69632,56F117EB8583C21C7A6E6D90B2402F648074B078,False,2024-08-25 00:32:21.7215934,2024-08-25 00:32:21.7215934,2024-08-25 00:32:21.7215934,00:00:00
2024-08-26 14:57:57.6724278,C:\Windows\System32\winevt\logs\Microsoft-Windows-Help%4Operational.evtx,C:\Users\dwight\Desktop\logs\C\Windows\System32\winevt\logs\Microsoft-Windows-Help%4Operational.evtx,69632,D4C695D8E06B294FEE07A0D20542003DA46C2A8A,False,2024-08-25 00:32:21.7682829,2024-08-25 00:32:21.8150388,2024-08-25 00:32:21.8150388,00:00:00
2024-08-26 14:57:57.6724278,C:\Windows\System32\winevt\logs\Microsoft-Windows-HomeGroup Control Panel%4Operational.evtx,C:\Users\dwight\Desktop\logs\C\Windows\System32\winevt\logs\Microsoft-Windows-HomeGroup Control Panel%4Operational.evtx,69632,2D602A021DC863BE4DB3A786E7613C9423194807,False,2024-08-25 00:32:21.8932878,2024-08-25 00:32:21.9560342,2024-08-25 00:32:21.9560342,00:00:00
2024-08-26 14:57:57.6724278,C:\Windows\System32\winevt\logs\Microsoft-Windows-Hyper-V-Guest-Drivers%4Admin.evtx,C:\Users\dwight\Desktop\logs\C\Windows\System32\winevt\logs\Microsoft-Windows-Hyper-V-Guest-Drivers%4Admin.evtx,69632,C399C966E0E5496AD8162F88B626ADFCA77E73A8,False,2024-08-25 00:32:22.0494868,2024-08-25 00:32:22.0494868,2024-08-25 00:32:22.0494868,00:00:00
2024-08-26 14:57:57.6878407,C:\Windows\System32\winevt\logs\Microsoft-Windows-Hyper-V-Hypervisor-Admin.evtx,C:\Users\dwight\Desktop\logs\C\Windows\System32\winevt\logs\Microsoft-Windows-Hyper-V-Hypervisor-Admin.evtx,69632,5D625584B0484BCA4854950CE1CAA96ADFE87C96,False,2024-08-25 00:32:22.0651547,2024-08-25 00:32:22.0651547,2024-08-25 00:32:22.0651547,00:00:00
2024-08-26 14:57:57.6878407,C:\Windows\System32\winevt\logs\Microsoft-Windows-Hyper-V-Hypervisor-Operational.evtx,C:\Users\dwight\Desktop\logs\C\Windows\System32\winevt\logs\Microsoft-Windows-Hyper-V-Hypervisor-Operational.evtx,69632,B109DF9DF52D35BA3A2B64532870573A066B0084,False,2024-08-25 00:32:22.0651547,2024-08-25 00:32:22.0651547,2024-08-25 00:32:22.0651547,00:00:00
2024-08-26 14:57:57.7038651,C:\Windows\System32\winevt\logs\Microsoft-Windows-IdCtrls%4Operational.evtx,C:\Users\dwight\Desktop\logs\C\Windows\System32\winevt\logs\Microsoft-Windows-IdCtrls%4Operational.evtx,69632,9568381438C93C9DC2FFC6D306A1E5C5A5B9BECF,False,2024-08-25 00:32:22.0808131,2024-08-25 00:32:22.0964095,2024-08-25 00:32:22.0964095,00:00:00
2024-08-26 14:57:57.7038651,C:\Windows\System32\winevt\logs\Microsoft-Windows-IKE%4Operational.evtx,C:\Users\dwight\Desktop\logs\C\Windows\System32\winevt\logs\Microsoft-Windows-IKE%4Operational.evtx,69632,3954023B7583C393F03D6AE6E8F4DA66556278EB,False,2024-08-24 00:15:06.2835670,2024-08-25 00:32:22.0964095,2024-08-25 00:32:22.0964095,00:00:00
2024-08-26 14:57:57.7038651,C:\Windows\System32\winevt\logs\Microsoft-Windows-International%4Operational.evtx,C:\Users\dwight\Desktop\logs\C\Windows\System32\winevt\logs\Microsoft-Windows-International%4Operational.evtx,69632,CD9A1FBC2F957F5FDC4FF86664DCF673527BC708,False,2021-05-12 11:38:57.1256178,2021-05-12 04:57:22.8184752,2021-05-12 04:57:22.8184752,00:00:00
2024-08-26 14:57:57.7201584,C:\Windows\System32\winevt\logs\Microsoft-Windows-International-RegionalOptionsControlPanel%4Operational.evtx,C:\Users\dwight\Desktop\logs\C\Windows\System32\winevt\logs\Microsoft-Windows-International-RegionalOptionsControlPanel%4Operational.evtx,69632,A6CE4EB5DB60B0CA7DFBAE978D0F8AC8FEC89D74,False,2024-08-25 00:32:22.1274948,2024-08-25 00:32:22.1744550,2024-08-25 00:32:22.1744550,00:00:00
2024-08-26 14:57:57.7201584,C:\Windows\System32\winevt\logs\Microsoft-Windows-Iphlpsvc%4Operational.evtx,C:\Users\dwight\Desktop\logs\C\Windows\System32\winevt\logs\Microsoft-Windows-Iphlpsvc%4Operational.evtx,69632,9D9CA8557F1DE5CAB92E81EE44143C4FD8B5AF4A,False,2024-08-25 00:32:22.1902769,2024-08-25 00:32:22.1902769,2024-08-25 00:32:22.1902769,00:00:00
2024-08-26 14:57:57.7357885,C:\Windows\System32\winevt\logs\Microsoft-Windows-KdsSvc%4Operational.evtx,C:\Users\dwight\Desktop\logs\C\Windows\System32\winevt\logs\Microsoft-Windows-KdsSvc%4Operational.evtx,69632,D3C48CD41F1E5B31DA6DB19232965B3BAD5F01C7,False,2024-08-25 00:32:22.2057950,2024-08-25 00:32:22.2057950,2024-08-25 00:32:22.2057950,00:00:00
2024-08-26 14:57:57.7357885,C:\Windows\System32\winevt\logs\Microsoft-Windows-Kernel-ApphelpCache%4Operational.evtx,C:\Users\dwight\Desktop\logs\C\Windows\System32\winevt\logs\Microsoft-Windows-Kernel-ApphelpCache%4Operational.evtx,69632,3DB33660A2F470B9DA542E76F0D9DDF7EE9D9E4E,False,2024-08-25 00:32:22.2213672,2024-08-25 00:32:22.2213672,2024-08-25 00:32:22.2213672,00:00:00
2024-08-26 14:57:57.7512298,C:\Windows\System32\winevt\logs\Microsoft-Windows-Kernel-EventTracing%4Admin.evtx,C:\Users\dwight\Desktop\logs\C\Windows\System32\winevt\logs\Microsoft-Windows-Kernel-EventTracing%4Admin.evtx,69632,6673CAEE009F5689E24E0626324FD2EBC57C1FE2,False,2024-08-25 00:32:22.2370475,2024-08-25 00:32:22.2370475,2024-08-25 00:32:22.2370475,00:00:00
2024-08-26 14:57:57.7512298,C:\Windows\System32\winevt\logs\Microsoft-Windows-Kernel-PnP%4Configuration.evtx,C:\Users\dwight\Desktop\logs\C\Windows\System32\winevt\logs\Microsoft-Windows-Kernel-PnP%4Configuration.evtx,69632,07173F184546887DA6427DC3898373724F3E5148,False,2021-05-12 11:38:14.3950850,2024-08-24 00:08:31.4086864,2024-08-24 00:08:31.4086864,00:00:00
2024-08-26 14:57:57.7826444,C:\Windows\System32\winevt\logs\Microsoft-Windows-Kernel-WDI%4Operational.evtx,C:\Users\dwight\Desktop\logs\C\Windows\System32\winevt\logs\Microsoft-Windows-Kernel-WDI%4Operational.evtx,69632,440DC113DC7DE1B3350176A0F6A2B825D5008380,False,2024-08-25 00:32:22.2682952,2024-08-25 00:32:22.2682952,2024-08-25 00:32:22.2682952,00:00:00.0150044
2024-08-26 14:57:57.7826444,C:\Windows\System32\winevt\logs\Microsoft-Windows-LanguagePackSetup%4Operational.evtx,C:\Users\dwight\Desktop\logs\C\Windows\System32\winevt\logs\Microsoft-Windows-LanguagePackSetup%4Operational.evtx,69632,2EFFC7DCB3C307E6BE6284C6D04C22094D736082,False,2021-05-12 05:08:13.3491151,2021-05-12 05:09:27.1610012,2021-05-12 05:09:27.1610012,00:00:00
2024-08-26 14:57:57.7991087,C:\Windows\System32\winevt\logs\Microsoft-Windows-ManagementTools-RegistryProvider%4Operational.evtx,C:\Users\dwight\Desktop\logs\C\Windows\System32\winevt\logs\Microsoft-Windows-ManagementTools-RegistryProvider%4Operational.evtx,69632,744C596F059D6E927A16475E2943231C1D44E7FE,False,2024-08-25 00:32:22.3309293,2024-08-25 00:32:22.3309293,2024-08-25 00:32:22.3309293,00:00:00
2024-08-26 14:57:57.7991087,C:\Windows\System32\winevt\logs\Microsoft-Windows-ManagementTools-TaskManagerProvider%4Operational.evtx,C:\Users\dwight\Desktop\logs\C\Windows\System32\winevt\logs\Microsoft-Windows-ManagementTools-TaskManagerProvider%4Operational.evtx,69632,2F5F0183481F9A96C2270614F630027811E0E280,False,2024-08-25 00:32:22.3464926,2024-08-25 00:32:22.3464926,2024-08-25 00:32:22.3464926,00:00:00
2024-08-26 14:57:57.8145253,C:\Windows\System32\winevt\logs\Microsoft-Windows-MemoryDiagnostics-Results%4Debug.evtx,C:\Users\dwight\Desktop\logs\C\Windows\System32\winevt\logs\Microsoft-Windows-MemoryDiagnostics-Results%4Debug.evtx,69632,F7DAAF2B1C0D30D080F25A2CEF4556F4603D7824,False,2024-08-25 00:32:22.3623595,2024-08-25 00:32:22.3776212,2024-08-25 00:32:22.3776212,00:00:00
2024-08-26 14:57:57.8145253,C:\Windows\System32\winevt\logs\Microsoft-Windows-MiStreamProvider%4Operational.evtx,C:\Users\dwight\Desktop\logs\C\Windows\System32\winevt\logs\Microsoft-Windows-MiStreamProvider%4Operational.evtx,69632,21ED33DD64C869273D67E00845BB41198936315D,False,2024-08-25 00:32:22.3776212,2024-08-25 00:32:22.3776212,2024-08-25 00:32:22.3776212,00:00:00
2024-08-26 14:57:57.8296431,C:\Windows\System32\winevt\logs\Microsoft-Windows-Mobile-Broadband-Experience-Parser-Task%4Operational.evtx,C:\Users\dwight\Desktop\logs\C\Windows\System32\winevt\logs\Microsoft-Windows-Mobile-Broadband-Experience-Parser-Task%4Operational.evtx,69632,6BD82AA3B85632068457BC377C6C9B384E11733B,False,2024-08-25 00:32:22.3933409,2024-08-25 00:32:22.3933409,2024-08-25 00:32:22.3933409,00:00:00.0151178
2024-08-26 14:57:57.8296431,C:\Windows\System32\winevt\logs\Microsoft-Windows-Mobile-Broadband-Experience-SmsRouter%4Admin.evtx,C:\Users\dwight\Desktop\logs\C\Windows\System32\winevt\logs\Microsoft-Windows-Mobile-Broadband-Experience-SmsRouter%4Admin.evtx,69632,A6154A63D46131C33945F3FECE5906BDE40393A2,False,2024-08-25 00:32:22.4088457,2024-08-25 00:32:22.4088457,2024-08-25 00:32:22.4088457,00:00:00
2024-08-26 14:57:57.8296431,C:\Windows\System32\winevt\logs\Microsoft-Windows-Mprddm%4Operational.evtx,C:\Users\dwight\Desktop\logs\C\Windows\System32\winevt\logs\Microsoft-Windows-Mprddm%4Operational.evtx,69632,3AF0F05170A6BECE38FD5ED0DF5F2859BC2D1ED2,False,2024-08-25 00:32:22.4088457,2024-08-25 00:32:22.4088457,2024-08-25 00:32:22.4088457,00:00:00
2024-08-26 14:57:57.8296431,C:\Windows\System32\winevt\logs\Microsoft-Windows-MsLbfoProvider%4Operational.evtx,C:\Users\dwight\Desktop\logs\C\Windows\System32\winevt\logs\Microsoft-Windows-MsLbfoProvider%4Operational.evtx,69632,CBA5C33DE2E1CA746546181CCDBFB72AB034BC76,False,2024-08-25 00:32:22.4253556,2024-08-25 00:32:22.4253556,2024-08-25 00:32:22.4253556,00:00:00
2024-08-26 14:57:57.8456201,C:\Windows\System32\winevt\logs\Microsoft-Windows-MUI%4Admin.evtx,C:\Users\dwight\Desktop\logs\C\Windows\System32\winevt\logs\Microsoft-Windows-MUI%4Admin.evtx,69632,036FD2B13DE53227E4EFFE7EC975E96DCA0986CA,False,2021-05-12 11:38:56.6568733,2021-05-12 04:57:22.8184752,2021-05-12 04:57:22.8184752,00:00:00
2024-08-26 14:57:57.8606852,C:\Windows\System32\winevt\logs\Microsoft-Windows-MUI%4Operational.evtx,C:\Users\dwight\Desktop\logs\C\Windows\System32\winevt\logs\Microsoft-Windows-MUI%4Operational.evtx,69632,906268E9629F1691C1902C0DE392F9AC18D28581,False,2021-05-12 11:38:56.6568733,2024-08-24 00:08:31.4086864,2024-08-24 00:08:31.4086864,00:00:00.0150651
2024-08-26 14:57:57.8606852,C:\Windows\System32\winevt\logs\Microsoft-Windows-NdisImPlatform%4Operational.evtx,C:\Users\dwight\Desktop\logs\C\Windows\System32\winevt\logs\Microsoft-Windows-NdisImPlatform%4Operational.evtx,69632,92D2C0C6606FF44B769DB623535B0CC0F2E26583,False,2024-08-25 00:32:22.5026636,2024-08-25 00:32:22.5026636,2024-08-25 00:32:22.5026636,00:00:00
2024-08-26 14:57:57.8755638,C:\Windows\System32\winevt\logs\Microsoft-Windows-NetworkLocationWizard%4Operational.evtx,C:\Users\dwight\Desktop\logs\C\Windows\System32\winevt\logs\Microsoft-Windows-NetworkLocationWizard%4Operational.evtx,69632,FC5B09F0D2AF455E9E3EBB462AF129B64CA77BBB,False,2024-08-25 00:32:22.5026636,2024-08-25 00:32:22.5026636,2024-08-25 00:32:22.5026636,00:00:00
2024-08-26 14:57:57.8755638,C:\Windows\System32\winevt\logs\Microsoft-Windows-NetworkProvider%4Operational.evtx,C:\Users\dwight\Desktop\logs\C\Windows\System32\winevt\logs\Microsoft-Windows-NetworkProvider%4Operational.evtx,69632,4D8D1A1BC5F9B623C5AAC09657FAA25436152965,False,2024-08-25 00:32:22.5181360,2024-08-25 00:32:22.5181360,2024-08-25 00:32:22.5181360,00:00:00
2024-08-26 14:57:57.8918429,C:\Windows\System32\winevt\logs\Microsoft-Windows-NlaSvc%4Operational.evtx,C:\Users\dwight\Desktop\logs\C\Windows\System32\winevt\logs\Microsoft-Windows-NlaSvc%4Operational.evtx,69632,D465C982FE42C0D0BA02E4519A6C8B02F07C4978,False,2024-08-25 00:32:22.5340510,2024-08-25 00:32:22.5340510,2024-08-25 00:32:22.5340510,00:00:00.0162791
2024-08-26 14:57:57.9084000,C:\Windows\System32\winevt\logs\Microsoft-Windows-OfflineFiles%4Operational.evtx,C:\Users\dwight\Desktop\logs\C\Windows\System32\winevt\logs\Microsoft-Windows-OfflineFiles%4Operational.evtx,69632,84924EF1C614E9F73DA6E19DA9D887C08396A98C,False,2024-08-25 00:32:22.5495236,2024-08-25 00:32:22.5495236,2024-08-25 00:32:22.5495236,00:00:00.0165571
2024-08-26 14:57:57.9084000,C:\Windows\System32\winevt\logs\Microsoft-Windows-OOBE-Machine-DUI%4Operational.evtx,C:\Users\dwight\Desktop\logs\C\Windows\System32\winevt\logs\Microsoft-Windows-OOBE-Machine-DUI%4Operational.evtx,69632,A71E3BAE3053B588D167400DD5045EB22DE409A8,False,2024-08-25 00:32:22.5653065,2024-08-25 00:32:22.5653065,2024-08-25 00:32:22.5653065,00:00:00
2024-08-26 14:57:57.9235290,C:\Windows\System32\winevt\logs\Microsoft-Windows-PackageStateRoaming%4Operational.evtx,C:\Users\dwight\Desktop\logs\C\Windows\System32\winevt\logs\Microsoft-Windows-PackageStateRoaming%4Operational.evtx,69632,878984E0A2FC67496C469C8F16E408E01D629DEC,False,2024-08-25 00:32:22.5810884,2024-08-25 00:32:22.5810884,2024-08-25 00:32:22.5810884,00:00:00.0151290
2024-08-26 14:57:57.9235290,C:\Windows\System32\winevt\logs\Microsoft-Windows-PerceptionRuntime%4Operational.evtx,C:\Users\dwight\Desktop\logs\C\Windows\System32\winevt\logs\Microsoft-Windows-PerceptionRuntime%4Operational.evtx,69632,785623A3A2C1B61C95330BF31A2E4BDE9BC6AE9C,False,2024-08-25 00:32:22.6120023,2024-08-25 00:32:22.6120023,2024-08-25 00:32:22.6120023,00:00:00
2024-08-26 14:57:57.9391698,C:\Windows\System32\winevt\logs\Microsoft-Windows-PerceptionSensorDataService%4Operational.evtx,C:\Users\dwight\Desktop\logs\C\Windows\System32\winevt\logs\Microsoft-Windows-PerceptionSensorDataService%4Operational.evtx,69632,60F30526182866172570863EB563F3D3EE9F5ADB,False,2024-08-25 00:32:22.6277286,2024-08-25 00:32:22.6277286,2024-08-25 00:32:22.6277286,00:00:00.0156408
2024-08-26 14:57:57.9391698,C:\Windows\System32\winevt\logs\Microsoft-Windows-PersistentMemory-Nvdimm%4Operational.evtx,C:\Users\dwight\Desktop\logs\C\Windows\System32\winevt\logs\Microsoft-Windows-PersistentMemory-Nvdimm%4Operational.evtx,69632,A2264153C660DE98023ACCD56A3506B450FC391F,False,2024-08-25 00:32:22.6277286,2024-08-25 00:32:22.6277286,2024-08-25 00:32:22.6277286,00:00:00
2024-08-26 14:57:57.9544983,C:\Windows\System32\winevt\logs\Microsoft-Windows-PersistentMemory-PmemDisk%4Operational.evtx,C:\Users\dwight\Desktop\logs\C\Windows\System32\winevt\logs\Microsoft-Windows-PersistentMemory-PmemDisk%4Operational.evtx,69632,26E4276220B8D32ECB2B5E311D1AAD30462E68C6,False,2024-08-25 00:32:22.6445743,2024-08-25 00:32:22.6445743,2024-08-25 00:32:22.6445743,00:00:00
2024-08-26 14:57:57.9544983,C:\Windows\System32\winevt\logs\Microsoft-Windows-PersistentMemory-ScmBus%4Certification.evtx,C:\Users\dwight\Desktop\logs\C\Windows\System32\winevt\logs\Microsoft-Windows-PersistentMemory-ScmBus%4Certification.evtx,69632,B7B26E516FCF2234196A65B224E79C13E09BF558,False,2024-08-25 00:32:22.6595283,2024-08-25 00:32:22.6595283,2024-08-25 00:32:22.6595283,00:00:00
2024-08-26 14:57:57.9544983,C:\Windows\System32\winevt\logs\Microsoft-Windows-Policy%4Operational.evtx,C:\Users\dwight\Desktop\logs\C\Windows\System32\winevt\logs\Microsoft-Windows-Policy%4Operational.evtx,69632,019B7D159324A93819A287CBF792041DD66D8D70,False,2024-08-25 00:32:22.6749150,2024-08-25 00:32:22.6749150,2024-08-25 00:32:22.6749150,00:00:00
2024-08-26 14:57:57.9700038,C:\Windows\System32\winevt\logs\Microsoft-Windows-PowerShell%4Admin.evtx,C:\Users\dwight\Desktop\logs\C\Windows\System32\winevt\logs\Microsoft-Windows-PowerShell%4Admin.evtx,69632,6255F15716364766B107E8026D7B95A4B29EBBCD,False,2021-05-12 11:38:26.4898807,2021-05-12 11:38:39.3806369,2021-05-12 11:38:39.3806369,00:00:00.0155055
2024-08-26 14:57:57.9700038,C:\Windows\System32\winevt\logs\Microsoft-Windows-PowerShell-DesiredStateConfiguration-FileDownloadManager%4Operational.evtx,C:\Users\dwight\Desktop\logs\C\Windows\System32\winevt\logs\Microsoft-Windows-PowerShell-DesiredStateConfiguration-FileDownloadManager%4Operational.evtx,69632,A551DC0FFEFD12E336F3D1F93C90D6F3337C6CB1,False,2024-08-25 00:32:22.6901801,2024-08-25 00:32:22.6901801,2024-08-25 00:32:22.6901801,00:00:00
2024-08-26 14:57:57.9853923,C:\Windows\System32\winevt\logs\Microsoft-Windows-PrintBRM%4Admin.evtx,C:\Users\dwight\Desktop\logs\C\Windows\System32\winevt\logs\Microsoft-Windows-PrintBRM%4Admin.evtx,69632,9955626D66CE513035EDD64135D8613D3CF0FA9C,False,2024-08-25 00:32:22.7059777,2024-08-25 00:32:22.7059777,2024-08-25 00:32:22.7059777,00:00:00
2024-08-26 14:57:57.9853923,C:\Windows\System32\winevt\logs\Microsoft-Windows-PrintService%4Admin.evtx,C:\Users\dwight\Desktop\logs\C\Windows\System32\winevt\logs\Microsoft-Windows-PrintService%4Admin.evtx,69632,FFC46AEA242CBBBE13090F466E089A0A9F47C31E,False,2024-08-25 00:32:22.7214939,2024-08-25 00:32:22.7214939,2024-08-25 00:32:22.7214939,00:00:00
2024-08-26 14:57:58.0006762,C:\Windows\System32\winevt\logs\Microsoft-Windows-PriResources-Deployment%4Operational.evtx,C:\Users\dwight\Desktop\logs\C\Windows\System32\winevt\logs\Microsoft-Windows-PriResources-Deployment%4Operational.evtx,69632,3FAB51B337016DDB643C49EE3C556804E4AD4FBE,False,2024-08-25 00:32:22.7374913,2024-08-25 00:32:22.7374913,2024-08-25 00:32:22.7374913,00:00:00.0152839
2024-08-26 14:57:58.0176259,C:\Windows\System32\winevt\logs\Microsoft-Windows-ReadyBoost%4Operational.evtx,C:\Users\dwight\Desktop\logs\C\Windows\System32\winevt\logs\Microsoft-Windows-ReadyBoost%4Operational.evtx,69632,627B2F367ED7B9F6A5E2C028F4296EA79C707D48,False,2024-08-25 00:32:22.7841454,2024-08-25 00:32:22.7841454,2024-08-25 00:32:22.7841454,00:00:00
2024-08-26 14:57:58.0176259,C:\Windows\System32\winevt\logs\Microsoft-Windows-ReFS%4Operational.evtx,C:\Users\dwight\Desktop\logs\C\Windows\System32\winevt\logs\Microsoft-Windows-ReFS%4Operational.evtx,69632,4E6CE873768177AE25E877C1E5FDB82037C95F87,False,2024-08-25 00:32:22.7994654,2024-08-25 00:32:22.7994654,2024-08-25 00:32:22.7994654,00:00:00
2024-08-26 14:57:58.0324637,C:\Windows\System32\winevt\logs\Microsoft-Windows-Regsvr32%4Operational.evtx,C:\Users\dwight\Desktop\logs\C\Windows\System32\winevt\logs\Microsoft-Windows-Regsvr32%4Operational.evtx,69632,5DE00AF61A498FABE7881F5350CC7593C2303182,False,2024-08-25 00:32:22.7994654,2024-08-25 00:32:22.7994654,2024-08-25 00:32:22.7994654,00:00:00
2024-08-26 14:57:58.0324637,C:\Windows\System32\winevt\logs\Microsoft-Windows-RemoteApp and Desktop Connections%4Admin.evtx,C:\Users\dwight\Desktop\logs\C\Windows\System32\winevt\logs\Microsoft-Windows-RemoteApp and Desktop Connections%4Admin.evtx,69632,BE133EED4E28553AC53EE74435C0D0E2DAD4E2D5,False,2024-08-25 00:32:22.8152402,2024-08-25 00:32:22.8152402,2024-08-25 00:32:22.8152402,00:00:00
2024-08-26 14:57:58.0480362,C:\Windows\System32\winevt\logs\Microsoft-Windows-RemoteApp and Desktop Connections%4Operational.evtx,C:\Users\dwight\Desktop\logs\C\Windows\System32\winevt\logs\Microsoft-Windows-RemoteApp and Desktop Connections%4Operational.evtx,69632,9E24CD276FD9F89252F84BD1DE7F3598A5C3FE86,False,2024-08-25 00:32:22.8932220,2024-08-25 00:32:22.9562670,2024-08-25 00:32:22.9562670,00:00:00
2024-08-26 14:57:58.0645972,C:\Windows\System32\winevt\logs\Microsoft-Windows-RemoteDesktopServices-RemoteFX-Synth3dvsc%4Admin.evtx,C:\Users\dwight\Desktop\logs\C\Windows\System32\winevt\logs\Microsoft-Windows-RemoteDesktopServices-RemoteFX-Synth3dvsc%4Admin.evtx,69632,FC97826ECB16C0F5E5C504C7D510B6448A91CAEE,False,2024-08-25 00:32:22.9724419,2024-08-25 00:32:23.0040290,2024-08-25 00:32:23.0040290,00:00:00
2024-08-26 14:57:58.0645972,C:\Windows\System32\winevt\logs\Microsoft-Windows-RemoteDesktopServices-SessionServices%4Operational.evtx,C:\Users\dwight\Desktop\logs\C\Windows\System32\winevt\logs\Microsoft-Windows-RemoteDesktopServices-SessionServices%4Operational.evtx,69632,CDFC4C1999FE6025C14CA3580CB05C922AA41CDF,False,2024-08-25 00:32:23.0191344,2024-08-25 00:32:23.0966061,2024-08-25 00:32:23.0966061,00:00:00
2024-08-26 14:57:58.0797805,C:\Windows\System32\winevt\logs\Microsoft-Windows-Resource-Exhaustion-Resolver%4Operational.evtx,C:\Users\dwight\Desktop\logs\C\Windows\System32\winevt\logs\Microsoft-Windows-Resource-Exhaustion-Resolver%4Operational.evtx,69632,D169C202E59E230C74051DD940CCC3F0FFFE5CC4,False,2024-08-25 00:40:28.1888132,2024-08-25 00:40:28.2008494,2024-08-25 00:40:28.2008494,00:00:00.0151833
2024-08-26 14:57:58.0797805,C:\Windows\System32\winevt\logs\Microsoft-Windows-RestartManager%4Operational.evtx,C:\Users\dwight\Desktop\logs\C\Windows\System32\winevt\logs\Microsoft-Windows-RestartManager%4Operational.evtx,69632,14F9150507F1CD28D6FF139EBB60B6B4A771C3C0,False,2021-05-12 04:40:53.7335566,2021-05-12 04:57:22.7994348,2021-05-12 04:57:22.7994348,00:00:00
2024-08-26 14:57:58.0952974,C:\Windows\System32\winevt\logs\Microsoft-Windows-Security-Mitigations%4KernelMode.evtx,C:\Users\dwight\Desktop\logs\C\Windows\System32\winevt\logs\Microsoft-Windows-Security-Mitigations%4KernelMode.evtx,1052672,D8DC85E74EB0C95BB95C4E9CCD88EFB2AC91FDF2,False,2021-05-12 11:38:17.8799670,2024-08-25 01:26:02.9890133,2024-08-25 01:26:02.9890133,00:00:00
2024-08-26 14:57:58.1101070,C:\Windows\System32\winevt\logs\Microsoft-Windows-Security-Mitigations%4UserMode.evtx,C:\Users\dwight\Desktop\logs\C\Windows\System32\winevt\logs\Microsoft-Windows-Security-Mitigations%4UserMode.evtx,69632,70A58906E0EC2BEDF07AA9C089C67AD8F94AB3BE,False,2021-05-12 11:38:17.8799670,2021-05-12 11:38:39.3806369,2021-05-12 11:38:39.3806369,00:00:00.0148096
2024-08-26 14:57:58.1101070,C:\Windows\System32\winevt\logs\Microsoft-Windows-Security-SPP-UX-Notifications%4ActionCenter.evtx,C:\Users\dwight\Desktop\logs\C\Windows\System32\winevt\logs\Microsoft-Windows-Security-SPP-UX-Notifications%4ActionCenter.evtx,69632,47389CB151DF6114F56FF179F331978793518C28,False,2021-05-12 04:39:55.4368020,2024-08-24 00:14:26.3662994,2024-08-24 00:14:26.3662994,00:00:00
2024-08-26 14:57:58.1260647,C:\Windows\System32\winevt\logs\Microsoft-Windows-ServerManager-MgmtProvider%4Operational.evtx,C:\Users\dwight\Desktop\logs\C\Windows\System32\winevt\logs\Microsoft-Windows-ServerManager-MgmtProvider%4Operational.evtx,69632,1F94B7D5DA0740A90A06C70633DB7BDCB54C13C2,False,2024-08-24 00:10:39.1440807,2024-08-24 00:14:26.3662994,2024-08-24 00:14:26.3662994,00:00:00.0159577
2024-08-26 14:57:58.1411861,C:\Windows\System32\winevt\logs\Microsoft-Windows-ServerManager-MultiMachine%4Admin.evtx,C:\Users\dwight\Desktop\logs\C\Windows\System32\winevt\logs\Microsoft-Windows-ServerManager-MultiMachine%4Admin.evtx,69632,61AAA7615C3585855C21D9E873416CBA26EE6889,False,2021-05-12 05:01:06.9755781,2021-05-12 05:01:30.8346505,2021-05-12 05:01:30.8346505,00:00:00.0151214
2024-08-26 14:57:58.1411861,C:\Windows\System32\winevt\logs\Microsoft-Windows-ServerManager-MultiMachine%4Operational.evtx,C:\Users\dwight\Desktop\logs\C\Windows\System32\winevt\logs\Microsoft-Windows-ServerManager-MultiMachine%4Operational.evtx,1052672,C6AC63295A64AE4A993387635DD2458E81AE325B,False,2021-05-12 05:01:06.9907071,2024-08-24 00:14:26.3662994,2024-08-24 00:14:26.3662994,00:00:00
2024-08-26 14:57:58.1571198,C:\Windows\System32\winevt\logs\Microsoft-Windows-SettingSync%4Debug.evtx,C:\Users\dwight\Desktop\logs\C\Windows\System32\winevt\logs\Microsoft-Windows-SettingSync%4Debug.evtx,69632,F93FACBEC71EDCC6DC87387D7552F78062550A4F,False,2021-05-12 04:39:28.4055424,2024-08-25 01:26:36.1382896,2024-08-25 01:26:36.1382896,00:00:00
2024-08-26 14:57:58.1571198,C:\Windows\System32\winevt\logs\Microsoft-Windows-SettingSync%4Operational.evtx,C:\Users\dwight\Desktop\logs\C\Windows\System32\winevt\logs\Microsoft-Windows-SettingSync%4Operational.evtx,69632,4EF2AD1BE017DFE8C5A7B23A4E612C6D347BB004,False,2021-05-12 04:39:28.4055424,2024-08-25 01:26:39.4511679,2024-08-25 01:26:39.4511679,00:00:00
2024-08-26 14:57:58.2049450,C:\Windows\System32\winevt\logs\Microsoft-Windows-SMBWitnessClient%4Admin.evtx,C:\Users\dwight\Desktop\logs\C\Windows\System32\winevt\logs\Microsoft-Windows-SMBWitnessClient%4Admin.evtx,69632,0681F0BC938309FA894B803FA6D65C6043903218,False,2021-05-12 11:38:15.4419838,2021-05-12 11:38:39.3806369,2021-05-12 11:38:39.3806369,00:00:00
2024-08-26 14:57:58.2192712,C:\Windows\System32\winevt\logs\Microsoft-Windows-SMBWitnessClient%4Informational.evtx,C:\Users\dwight\Desktop\logs\C\Windows\System32\winevt\logs\Microsoft-Windows-SMBWitnessClient%4Informational.evtx,69632,59A55FEC4C67AF121CB96F0CE85557DFCD2A8345,False,2021-05-12 11:38:15.4580871,2021-05-12 11:38:39.3806369,2021-05-12 11:38:39.3806369,00:00:00
2024-08-26 14:57:58.2192712,C:\Windows\System32\winevt\logs\Microsoft-Windows-Storage-Storport%4Health.evtx,C:\Users\dwight\Desktop\logs\C\Windows\System32\winevt\logs\Microsoft-Windows-Storage-Storport%4Health.evtx,69632,9AE66F67148BB13E890E0F8C9611D4FC22D38253,False,2021-05-12 04:58:00.2996458,2021-05-12 04:59:07.4456523,2021-05-12 04:59:07.4456523,00:00:00
2024-08-26 14:57:58.2352110,C:\Windows\System32\winevt\logs\Microsoft-Windows-Storage-Storport%4Operational.evtx,C:\Users\dwight\Desktop\logs\C\Windows\System32\winevt\logs\Microsoft-Windows-Storage-Storport%4Operational.evtx,69632,D8AC722F8E23E4FA189D3041B928C7AC9B721E24,False,2021-05-12 04:58:00.2996458,2021-05-12 04:59:07.4456523,2021-05-12 04:59:07.4456523,00:00:00
2024-08-26 14:57:58.2352110,C:\Windows\System32\winevt\logs\Microsoft-Windows-StorageManagement%4Operational.evtx,C:\Users\dwight\Desktop\logs\C\Windows\System32\winevt\logs\Microsoft-Windows-StorageManagement%4Operational.evtx,69632,35D7E36758170A5275974112EAE16CDF8DE2681F,False,2021-05-12 04:58:00.5321372,2024-08-25 00:43:33.8122314,2024-08-25 00:43:33.8122314,00:00:00
2024-08-26 14:57:58.2503541,C:\Windows\System32\winevt\logs\Microsoft-Windows-StorageManagement-PartUtil%4Operational.evtx,C:\Users\dwight\Desktop\logs\C\Windows\System32\winevt\logs\Microsoft-Windows-StorageManagement-PartUtil%4Operational.evtx,69632,8E3ADECF27A2790175909F1C44D7FF4466E7218F,False,2021-05-12 04:58:01.1098512,2021-05-12 04:59:07.4456523,2021-05-12 04:59:07.4456523,00:00:00
2024-08-26 14:57:58.2672489,C:\Windows\System32\winevt\logs\Microsoft-Windows-StorageSpaces-Api%4Operational.evtx,C:\Users\dwight\Desktop\logs\C\Windows\System32\winevt\logs\Microsoft-Windows-StorageSpaces-Api%4Operational.evtx,69632,76CB6ED475EE6D14F19E6084ACFA21D159967835,False,2021-05-12 04:58:00.8441526,2021-05-12 04:59:07.4456523,2021-05-12 04:59:07.4456523,00:00:00.0168948
2024-08-26 14:57:58.3129999,C:\Windows\System32\winevt\logs\Microsoft-Windows-TWinUI%4Operational.evtx,C:\Users\dwight\Desktop\logs\C\Windows\System32\winevt\logs\Microsoft-Windows-TWinUI%4Operational.evtx,69632,A42562264B75B19E4D1850687F2455FE8FB90687,False,2021-05-12 04:55:31.0026707,2024-08-24 00:08:31.4086864,2024-08-24 00:08:31.4086864,00:00:00
2024-08-26 14:57:58.3289574,C:\Windows\System32\winevt\logs\Microsoft-Windows-TZUtil%4Operational.evtx,C:\Users\dwight\Desktop\logs\C\Windows\System32\winevt\logs\Microsoft-Windows-TZUtil%4Operational.evtx,69632,A302C9C12F791EC10A86DFA66293059B91B8B163,False,2024-08-24 00:10:07.4275181,2024-08-24 00:14:26.3662994,2024-08-24 00:14:26.3662994,00:00:00
2024-08-26 14:57:58.3442294,C:\Windows\System32\winevt\logs\Microsoft-Windows-UserPnp%4DeviceInstall.evtx,C:\Users\dwight\Desktop\logs\C\Windows\System32\winevt\logs\Microsoft-Windows-UserPnp%4DeviceInstall.evtx,69632,67AD6D23E5DA5C3131DF443130015AC4906D2669,False,2021-05-12 11:38:14.3804377,2024-08-24 00:08:31.4086864,2024-08-24 00:08:31.4086864,00:00:00
2024-08-26 14:57:58.3598274,C:\Windows\System32\winevt\logs\Microsoft-Windows-VPN%4Operational.evtx,C:\Users\dwight\Desktop\logs\C\Windows\System32\winevt\logs\Microsoft-Windows-VPN%4Operational.evtx,69632,00D1AE610CD4DF3F56D36D3691E710E2CA5417DC,False,2024-08-24 00:15:06.2990589,2024-08-25 01:23:29.3335471,2024-08-25 01:23:29.3335471,00:00:00
2024-08-26 14:57:58.3754309,C:\Windows\System32\winevt\logs\Microsoft-Windows-WER-PayloadHealth%4Operational.evtx,C:\Users\dwight\Desktop\logs\C\Windows\System32\winevt\logs\Microsoft-Windows-WER-PayloadHealth%4Operational.evtx,69632,D400E976F7EF80E4B57C3F9AF8142B016B7360FF,False,2021-05-12 04:59:56.7176910,2024-08-25 00:41:28.2152894,2024-08-25 00:41:28.2152894,00:00:00.0156035
2024-08-26 14:57:58.3754309,C:\Windows\System32\winevt\logs\Microsoft-Windows-WFP%4Operational.evtx,C:\Users\dwight\Desktop\logs\C\Windows\System32\winevt\logs\Microsoft-Windows-WFP%4Operational.evtx,69632,C0C1ED5F6BA788FBBDD4F5D513EF8FBA5B457FC3,False,2024-08-24 00:15:06.2990589,2024-08-25 01:24:29.4251669,2024-08-25 01:24:29.4251669,00:00:00
2024-08-26 14:57:58.4066925,C:\Windows\System32\winevt\logs\Microsoft-Windows-Windows Defender%4Operational.evtx,C:\Users\dwight\Desktop\logs\C\Windows\System32\winevt\logs\Microsoft-Windows-Windows Defender%4Operational.evtx,1052672,5916609EF3D2865F483B3D12BD363C03890C9C28,False,2021-05-12 11:38:15.8174594,2024-08-24 00:14:26.3662994,2024-08-24 00:14:26.3662994,00:00:00.0157018
2024-08-26 14:57:58.4066925,C:\Windows\System32\winevt\logs\Microsoft-Windows-Windows Defender%4WHC.evtx,C:\Users\dwight\Desktop\logs\C\Windows\System32\winevt\logs\Microsoft-Windows-Windows Defender%4WHC.evtx,69632,BB3B1F1F0BD146DAE18BE95905C857FD0C133DDC,False,2021-05-12 11:38:15.8174594,2021-05-12 11:38:39.3806369,2021-05-12 11:38:39.3806369,00:00:00
2024-08-26 14:57:58.4378790,C:\Windows\System32\winevt\logs\Microsoft-Windows-WindowsUpdateClient%4Operational.evtx,C:\Users\dwight\Desktop\logs\C\Windows\System32\winevt\logs\Microsoft-Windows-WindowsUpdateClient%4Operational.evtx,69632,0FF6F4219974631B91B9807409C6D8F86B91806D,False,2021-05-12 04:39:05.0462016,2024-08-24 00:14:26.3662994,2024-08-24 00:14:26.3662994,00:00:00.0154960
2024-08-26 14:57:58.4849442,C:\Windows\System32\winevt\logs\Application.evtx,C:\Users\dwight\Desktop\logs\C\Windows\System32\winevt\logs\Application.evtx,1118208,418B042CF5409D09B794DF09A1D8C1E3106AB528,True,2021-05-12 11:38:14.3482117,2024-08-26 14:53:06.6853164,2024-08-26 14:53:06.6853164,00:00:00.0156685
2024-08-26 14:57:58.5013955,C:\Windows\System32\winevt\logs\HardwareEvents.evtx,C:\Users\dwight\Desktop\logs\C\Windows\System32\winevt\logs\HardwareEvents.evtx,69632,F40644D6576F5E197E0DCB12D642D79236C736D2,True,2021-05-12 11:38:14.3643307,2021-05-12 11:38:39.3806369,2021-05-12 11:38:39.3806369,00:00:00
2024-08-26 14:57:58.5164481,C:\Windows\System32\winevt\logs\Key Management Service.evtx,C:\Users\dwight\Desktop\logs\C\Windows\System32\winevt\logs\Key Management Service.evtx,69632,BB5DE52A5491B6B60057AC71C45BF33B18DD2376,True,2021-05-12 11:38:14.3643307,2021-05-12 11:38:39.3806369,2021-05-12 11:38:39.3806369,00:00:00
2024-08-26 14:57:58.5319452,C:\Windows\System32\winevt\logs\Microsoft-Windows-AAD%4Operational.evtx,C:\Users\dwight\Desktop\logs\C\Windows\System32\winevt\logs\Microsoft-Windows-AAD%4Operational.evtx,69632,7B51F863157C9DA6B98904E6A61CDF7435DE26E4,True,2024-08-24 00:15:01.6429149,2024-08-26 14:53:07.1702690,2024-08-26 14:53:07.1702690,00:00:00
2024-08-26 14:57:58.5483657,C:\Windows\System32\winevt\logs\Microsoft-Windows-Application-Experience%4Program-Compatibility-Assistant.evtx,C:\Users\dwight\Desktop\logs\C\Windows\System32\winevt\logs\Microsoft-Windows-Application-Experience%4Program-Compatibility-Assistant.evtx,69632,C074E6CC309F743E38EE55040C232FD5C6DDD5F9,True,2021-05-12 04:40:53.6085492,2021-05-12 04:57:22.8184752,2021-05-12 04:57:22.8184752,00:00:00
2024-08-26 14:57:58.5628744,C:\Windows\System32\winevt\logs\Microsoft-Windows-AppModel-Runtime%4Admin.evtx,C:\Users\dwight\Desktop\logs\C\Windows\System32\winevt\logs\Microsoft-Windows-AppModel-Runtime%4Admin.evtx,1052672,711FD2D458B0683705608437DBEC2BBA5B32690B,True,2021-05-12 11:38:14.3804377,2024-08-26 14:53:07.1858959,2024-08-26 14:53:07.1858959,00:00:00
2024-08-26 14:57:58.5788251,C:\Windows\System32\winevt\logs\Microsoft-Windows-AppXDeployment%4Operational.evtx,C:\Users\dwight\Desktop\logs\C\Windows\System32\winevt\logs\Microsoft-Windows-AppXDeployment%4Operational.evtx,1052672,B9E280A8E935AA84D4635EE57912592CB9ADFA34,True,2021-05-12 04:39:02.9539621,2024-08-26 14:54:13.7843715,2024-08-26 14:54:13.7843715,00:00:00
2024-08-26 14:57:58.6723178,C:\Windows\System32\winevt\logs\Microsoft-Windows-AppXDeploymentServer%4Operational.evtx,C:\Users\dwight\Desktop\logs\C\Windows\System32\winevt\logs\Microsoft-Windows-AppXDeploymentServer%4Operational.evtx,2166784,E108F8E26FDE188AEB28CBA81F7D6DBCCB5F566D,True,2021-05-12 11:38:16.8491999,2024-08-26 14:53:13.9996528,2024-08-26 14:53:13.9996528,00:00:00
2024-08-26 14:57:58.6884356,C:\Windows\System32\winevt\logs\Microsoft-Windows-AppXDeploymentServer%4Restricted.evtx,C:\Users\dwight\Desktop\logs\C\Windows\System32\winevt\logs\Microsoft-Windows-AppXDeploymentServer%4Restricted.evtx,69632,9A12B8EF1BB3722AA846097FF4531A39F0821B44,True,2021-05-12 11:38:16.8491999,2021-05-12 11:38:39.3806369,2021-05-12 11:38:39.3806369,00:00:00
2024-08-26 14:57:58.7042868,C:\Windows\System32\winevt\logs\Microsoft-Windows-Bits-Client%4Operational.evtx,C:\Users\dwight\Desktop\logs\C\Windows\System32\winevt\logs\Microsoft-Windows-Bits-Client%4Operational.evtx,69632,16D61C78B39C758449FFEB4DD4E687F702F5C35D,True,2021-05-12 04:42:10.4391485,2024-08-25 01:24:03.2236187,2024-08-25 01:24:03.2236187,00:00:00
2024-08-26 14:57:58.7206696,C:\Windows\System32\winevt\logs\Microsoft-Windows-CodeIntegrity%4Operational.evtx,C:\Users\dwight\Desktop\logs\C\Windows\System32\winevt\logs\Microsoft-Windows-CodeIntegrity%4Operational.evtx,69632,1689994B9CDF2BF19CFA41E0F6FFD8332B4DC248,True,2021-05-12 11:38:14.4268245,2024-08-26 14:53:06.9042348,2024-08-26 14:53:06.9042348,00:00:00
2024-08-26 14:57:58.7206696,C:\Windows\System32\winevt\logs\Microsoft-Windows-Containers-Wcifs%4Operational.evtx,C:\Users\dwight\Desktop\logs\C\Windows\System32\winevt\logs\Microsoft-Windows-Containers-Wcifs%4Operational.evtx,69632,2E4599AAEC3FADCC4C9A2D9E72092EC8E7DE87AA,True,2021-05-12 11:38:14.8018267,2024-08-26 14:53:06.9669023,2024-08-26 14:53:06.9669023,00:00:00
2024-08-26 14:57:58.7506479,C:\Windows\System32\winevt\logs\Microsoft-Windows-Crypto-DPAPI%4Operational.evtx,C:\Users\dwight\Desktop\logs\C\Windows\System32\winevt\logs\Microsoft-Windows-Crypto-DPAPI%4Operational.evtx,1052672,4F44062F2DD9A765428B824F3C742F713827F87D,True,2021-05-12 11:38:14.4424490,2024-08-26 14:53:06.9512806,2024-08-26 14:53:06.9512806,00:00:00
2024-08-26 14:57:58.7506479,C:\Windows\System32\winevt\logs\Microsoft-Windows-DataIntegrityScan%4Admin.evtx,C:\Users\dwight\Desktop\logs\C\Windows\System32\winevt\logs\Microsoft-Windows-DataIntegrityScan%4Admin.evtx,69632,7EBD886FD46437D09AF5A8CB361B36B0B4149186,True,2024-08-25 00:26:17.5967068,2024-08-26 14:57:08.2753447,2024-08-26 14:57:08.2753447,00:00:00
2024-08-26 14:57:58.7669097,C:\Windows\System32\winevt\logs\Microsoft-Windows-DataIntegrityScan%4CrashRecovery.evtx,C:\Users\dwight\Desktop\logs\C\Windows\System32\winevt\logs\Microsoft-Windows-DataIntegrityScan%4CrashRecovery.evtx,69632,D675FA9BB59E8F588C79D108A50B9C059C187039,True,2024-08-25 00:26:17.5967068,2024-08-26 14:57:08.2753447,2024-08-26 14:57:08.2753447,00:00:00
2024-08-26 14:57:58.7825899,C:\Windows\System32\winevt\logs\Microsoft-Windows-DeviceSetupManager%4Admin.evtx,C:\Users\dwight\Desktop\logs\C\Windows\System32\winevt\logs\Microsoft-Windows-DeviceSetupManager%4Admin.evtx,69632,8659D706423BF7106E508A17F5C184BD94FA112F,True,2021-05-12 11:38:14.7862008,2024-08-26 14:53:07.0762778,2024-08-26 14:53:07.0762778,00:00:00
2024-08-26 14:57:58.7977635,C:\Windows\System32\winevt\logs\Microsoft-Windows-DeviceSetupManager%4Operational.evtx,C:\Users\dwight\Desktop\logs\C\Windows\System32\winevt\logs\Microsoft-Windows-DeviceSetupManager%4Operational.evtx,69632,AEE46064C7231CE0EE9C8BB28AD3BE74426132C2,True,2021-05-12 11:38:14.7862008,2024-08-24 00:08:31.4086864,2024-08-24 00:08:31.4086864,00:00:00
2024-08-26 14:57:58.8137375,C:\Windows\System32\winevt\logs\Microsoft-Windows-Dhcp-Client%4Admin.evtx,C:\Users\dwight\Desktop\logs\C\Windows\System32\winevt\logs\Microsoft-Windows-Dhcp-Client%4Admin.evtx,69632,07B232746F8EC8F60EEBB3A63F9B75DD97BE4139,True,2021-05-12 11:38:14.8018267,2024-08-24 00:14:26.3662994,2024-08-24 00:14:26.3662994,00:00:00.0159740
2024-08-26 14:57:58.8298452,C:\Windows\System32\winevt\logs\Microsoft-Windows-Dhcpv6-Client%4Admin.evtx,C:\Users\dwight\Desktop\logs\C\Windows\System32\winevt\logs\Microsoft-Windows-Dhcpv6-Client%4Admin.evtx,69632,DFE4E962B156ACC3E39D0F9066116681DBBE6ECD,True,2021-05-12 11:38:14.8018267,2021-05-12 11:38:39.3806369,2021-05-12 11:38:39.3806369,00:00:00
2024-08-26 14:57:58.8454997,C:\Windows\System32\winevt\logs\Microsoft-Windows-Diagnosis-Scheduled%4Operational.evtx,C:\Users\dwight\Desktop\logs\C\Windows\System32\winevt\logs\Microsoft-Windows-Diagnosis-Scheduled%4Operational.evtx,69632,D69F18A92055894910CE432730E866D3370F0963,True,2021-05-12 04:41:24.9371784,2021-05-12 04:57:22.8184752,2021-05-12 04:57:22.8184752,00:00:00
2024-08-26 14:57:58.8768521,C:\Windows\System32\winevt\logs\Microsoft-Windows-GroupPolicy%4Operational.evtx,C:\Users\dwight\Desktop\logs\C\Windows\System32\winevt\logs\Microsoft-Windows-GroupPolicy%4Operational.evtx,1118208,02D321EDBC82C1F31672C6AB2F3658400ECA9198,True,2021-05-12 11:38:14.8018267,2024-08-26 14:53:07.0137582,2024-08-26 14:53:07.0137582,00:00:00
2024-08-26 14:57:58.8917521,C:\Windows\System32\winevt\logs\Microsoft-Windows-HelloForBusiness%4Operational.evtx,C:\Users\dwight\Desktop\logs\C\Windows\System32\winevt\logs\Microsoft-Windows-HelloForBusiness%4Operational.evtx,69632,9D61837A5FE5370403DC8EAB986A7FCDFBB06FA6,True,2021-05-12 04:39:07.2805659,2024-08-26 14:53:59.2940480,2024-08-26 14:53:59.2940480,00:00:00
2024-08-26 14:57:58.9079857,C:\Windows\System32\winevt\logs\Microsoft-Windows-Kernel-Boot%4Operational.evtx,C:\Users\dwight\Desktop\logs\C\Windows\System32\winevt\logs\Microsoft-Windows-Kernel-Boot%4Operational.evtx,69632,DA8F672F89062315673EC09C755F7A5A33816579,True,2021-05-12 11:38:14.3950850,2024-08-26 14:53:06.6695537,2024-08-26 14:53:06.6695537,00:00:00
2024-08-26 14:57:58.9385360,C:\Windows\System32\winevt\logs\Microsoft-Windows-Kernel-IO%4Operational.evtx,C:\Users\dwight\Desktop\logs\C\Windows\System32\winevt\logs\Microsoft-Windows-Kernel-IO%4Operational.evtx,1052672,3FCFE73380F7ADB10CF2FCBC25949F5FC009EB72,True,2021-05-12 11:38:14.4268245,2024-08-26 14:53:06.8759435,2024-08-26 14:53:06.8759435,00:00:00
2024-08-26 14:57:58.9539948,C:\Windows\System32\winevt\logs\Microsoft-Windows-Kernel-ShimEngine%4Operational.evtx,C:\Users\dwight\Desktop\logs\C\Windows\System32\winevt\logs\Microsoft-Windows-Kernel-ShimEngine%4Operational.evtx,69632,621E18826C307B0FB9E231B3FC8381B933E6983C,True,2021-05-12 11:38:14.3950850,2024-08-26 14:53:06.9355426,2024-08-26 14:53:06.9355426,00:00:00
2024-08-26 14:57:58.9707295,C:\Windows\System32\winevt\logs\Microsoft-Windows-Kernel-StoreMgr%4Operational.evtx,C:\Users\dwight\Desktop\logs\C\Windows\System32\winevt\logs\Microsoft-Windows-Kernel-StoreMgr%4Operational.evtx,69632,F4897553E7D96CA459957401E8EF3CE36C2B321B,True,2021-05-12 11:38:16.1138441,2021-05-12 11:38:39.3806369,2021-05-12 11:38:39.3806369,00:00:00
2024-08-26 14:57:59.0012504,C:\Windows\System32\winevt\logs\Microsoft-Windows-Kernel-WHEA%4Operational.evtx,C:\Users\dwight\Desktop\logs\C\Windows\System32\winevt\logs\Microsoft-Windows-Kernel-WHEA%4Operational.evtx,1052672,8018BE0826BABF6ECE3B8B32CAC9F93FF3166412,True,2021-05-12 11:38:14.4268245,2024-08-26 14:53:06.9199300,2024-08-26 14:53:06.9199300,00:00:00
2024-08-26 14:57:59.0172016,C:\Windows\System32\winevt\logs\Microsoft-Windows-Known Folders API Service.evtx,C:\Users\dwight\Desktop\logs\C\Windows\System32\winevt\logs\Microsoft-Windows-Known Folders API Service.evtx,69632,AED6BEDB9675AD88134A3BB24EA910504364C5C8,True,2021-05-12 11:38:27.7081726,2024-08-26 14:54:26.8359534,2024-08-26 14:54:26.8359534,00:00:00.0159512
2024-08-26 14:57:59.0632423,C:\Windows\System32\winevt\logs\Microsoft-Windows-LiveId%4Operational.evtx,C:\Users\dwight\Desktop\logs\C\Windows\System32\winevt\logs\Microsoft-Windows-LiveId%4Operational.evtx,1052672,79661E80B70876DC64018B9525BA4066DD27CDFE,True,2021-05-12 04:39:07.1394575,2024-08-26 14:53:15.9057641,2024-08-26 14:53:15.9057641,00:00:00
2024-08-26 14:57:59.0805704,C:\Windows\System32\winevt\logs\Microsoft-Windows-NCSI%4Operational.evtx,C:\Users\dwight\Desktop\logs\C\Windows\System32\winevt\logs\Microsoft-Windows-NCSI%4Operational.evtx,69632,BFB2B10A06F2C740843D2CD02C0CF0131840B907,True,2021-05-12 11:38:14.6763381,2024-08-26 14:53:07.9678009,2024-08-26 14:53:07.9678009,00:00:00
2024-08-26 14:57:59.0951134,C:\Windows\System32\winevt\logs\Microsoft-Windows-NetworkProfile%4Operational.evtx,C:\Users\dwight\Desktop\logs\C\Windows\System32\winevt\logs\Microsoft-Windows-NetworkProfile%4Operational.evtx,69632,A64CF6DB949C2E30C44E4EA0CC6E9283346718CD,True,2021-05-12 11:38:15.4936962,2024-08-26 14:53:07.9678009,2024-08-26 14:53:07.9678009,00:00:00
2024-08-26 14:57:59.0951134,C:\Windows\System32\winevt\logs\Microsoft-Windows-Ntfs%4Operational.evtx,C:\Users\dwight\Desktop\logs\C\Windows\System32\winevt\logs\Microsoft-Windows-Ntfs%4Operational.evtx,69632,53FB4EDB0C147A7D9CA1BC81DFCA45E72BAD093C,True,2021-05-12 11:38:14.4112072,2024-08-26 14:53:06.8759435,2024-08-26 14:53:06.8759435,00:00:00
2024-08-26 14:57:59.1109708,C:\Windows\System32\winevt\logs\Microsoft-Windows-Ntfs%4WHC.evtx,C:\Users\dwight\Desktop\logs\C\Windows\System32\winevt\logs\Microsoft-Windows-Ntfs%4WHC.evtx,69632,62A6FA3FAEEB271B40EFC2437C881074DE262DD2,True,2021-05-12 11:38:14.4112072,2024-08-26 14:53:06.7948265,2024-08-26 14:53:06.7948265,00:00:00
2024-08-26 14:57:59.1263916,C:\Windows\System32\winevt\logs\Microsoft-Windows-NTLM%4Operational.evtx,C:\Users\dwight\Desktop\logs\C\Windows\System32\winevt\logs\Microsoft-Windows-NTLM%4Operational.evtx,69632,D0B561E08E38DE93A6ECF38268E54107A97F4B49,True,2024-08-24 00:12:10.6382421,2024-08-24 00:14:26.3662994,2024-08-24 00:14:26.3662994,00:00:00
2024-08-26 14:57:59.2207231,C:\Windows\System32\winevt\logs\Microsoft-Windows-Partition%4Diagnostic.evtx,C:\Users\dwight\Desktop\logs\C\Windows\System32\winevt\logs\Microsoft-Windows-Partition%4Diagnostic.evtx,69632,0E604A3B083BF70F9180541129FFA39BCD691E59,True,2021-05-12 11:38:14.4112072,2024-08-26 14:53:06.8759435,2024-08-26 14:53:06.8759435,00:00:00
2024-08-26 14:58:00.0047196,C:\Windows\System32\winevt\logs\Microsoft-Windows-PowerShell%4Operational.evtx,C:\Users\dwight\Desktop\logs\C\Windows\System32\winevt\logs\Microsoft-Windows-PowerShell%4Operational.evtx,13701120,4B6FDE2BE31FEB2A2A181AC089615FA1E725B9CA,True,2021-05-12 11:38:26.4898807,2024-08-25 01:24:04.3176234,2024-08-25 01:24:04.3176234,00:00:00.0657842
2024-08-26 14:58:00.0164856,C:\Windows\System32\winevt\logs\Microsoft-Windows-PushNotification-Platform%4Admin.evtx,C:\Users\dwight\Desktop\logs\C\Windows\System32\winevt\logs\Microsoft-Windows-PushNotification-Platform%4Admin.evtx,69632,BF0AAE816B5569A5B2D5BCE893900F647B5654C0,True,2021-05-12 04:39:11.5456990,2021-05-12 04:57:22.8184752,2021-05-12 04:57:22.8184752,00:00:00
2024-08-26 14:58:00.1097498,C:\Windows\System32\winevt\logs\Microsoft-Windows-PushNotification-Platform%4Operational.evtx,C:\Users\dwight\Desktop\logs\C\Windows\System32\winevt\logs\Microsoft-Windows-PushNotification-Platform%4Operational.evtx,1052672,517F9D44E08BDE0FD2013731D1B56DE8D590BB9E,True,2021-05-12 04:39:11.5456990,2024-08-26 14:54:19.9550919,2024-08-26 14:54:19.9550919,00:00:00
2024-08-26 14:58:00.1097498,C:\Windows\System32\winevt\logs\Microsoft-Windows-RemoteDesktopServices-RdpCoreTS%4Admin.evtx,C:\Users\dwight\Desktop\logs\C\Windows\System32\winevt\logs\Microsoft-Windows-RemoteDesktopServices-RdpCoreTS%4Admin.evtx,69632,608C978AD376929B1FF41798DB7BFDDADE8F7070,True,2021-05-12 05:00:25.8471009,2021-05-12 05:01:30.8346505,2021-05-12 05:01:30.8346505,00:00:00
2024-08-26 14:58:00.1257748,C:\Windows\System32\winevt\logs\Microsoft-Windows-RemoteDesktopServices-RdpCoreTS%4Operational.evtx,C:\Users\dwight\Desktop\logs\C\Windows\System32\winevt\logs\Microsoft-Windows-RemoteDesktopServices-RdpCoreTS%4Operational.evtx,69632,CF7E6DB65C5FC6B1D3D0436F1689602B21FA795F,True,2021-05-12 05:00:25.8471009,2024-08-26 14:53:07.2170168,2024-08-26 14:53:07.2170168,00:00:00
2024-08-26 14:58:00.1416449,C:\Windows\System32\winevt\logs\Microsoft-Windows-Resource-Exhaustion-Detector%4Operational.evtx,C:\Users\dwight\Desktop\logs\C\Windows\System32\winevt\logs\Microsoft-Windows-Resource-Exhaustion-Detector%4Operational.evtx,69632,EE4D118E1D7614F970BFD15DDFB44A337C6323D6,True,2021-05-12 04:41:00.3736910,2024-08-26 14:55:17.4576223,2024-08-26 14:55:17.4576223,00:00:00.0158701
2024-08-26 14:58:00.1569517,C:\Windows\System32\winevt\logs\Microsoft-Windows-Security-Netlogon%4Operational.evtx,C:\Users\dwight\Desktop\logs\C\Windows\System32\winevt\logs\Microsoft-Windows-Security-Netlogon%4Operational.evtx,69632,A86127C7D5B2AF0F37E4313017BB295A7753990F,True,2024-08-24 00:12:10.6382421,2024-08-26 14:57:02.4422685,2024-08-26 14:57:02.4422685,00:00:00
2024-08-26 14:58:00.1726654,C:\Windows\System32\winevt\logs\Microsoft-Windows-ServerManager-DeploymentProvider%4Operational.evtx,C:\Users\dwight\Desktop\logs\C\Windows\System32\winevt\logs\Microsoft-Windows-ServerManager-DeploymentProvider%4Operational.evtx,69632,88B93EFEB346A909EE9F69AE77B6E0E9F60F4FD3,True,2021-05-12 04:39:05.9519599,2024-08-26 14:57:10.6493996,2024-08-26 14:57:10.6493996,00:00:00
2024-08-26 14:58:00.1886574,C:\Windows\System32\winevt\logs\Microsoft-Windows-Shell-ConnectedAccountState%4ActionCenter.evtx,C:\Users\dwight\Desktop\logs\C\Windows\System32\winevt\logs\Microsoft-Windows-Shell-ConnectedAccountState%4ActionCenter.evtx,69632,D412E056230C461FA14707B58850B9922FB36379,True,2021-05-12 04:41:24.9528035,2021-05-12 04:57:22.7994348,2021-05-12 04:57:22.7994348,00:00:00
2024-08-26 14:58:00.2347456,C:\Windows\System32\winevt\logs\Microsoft-Windows-Shell-Core%4ActionCenter.evtx,C:\Users\dwight\Desktop\logs\C\Windows\System32\winevt\logs\Microsoft-Windows-Shell-Core%4ActionCenter.evtx,69632,07F11A5E6DE216FF4026CF581A031A667355F53A,True,2021-05-12 11:38:57.1099943,2021-05-12 04:57:22.7994348,2021-05-12 04:57:22.7994348,00:00:00.0114987
2024-08-26 14:58:00.4086445,C:\Windows\System32\winevt\logs\Microsoft-Windows-Shell-Core%4AppDefaults.evtx,C:\Users\dwight\Desktop\logs\C\Windows\System32\winevt\logs\Microsoft-Windows-Shell-Core%4AppDefaults.evtx,1052672,6655349B19F48B857E71B3F1AB94E94A26AC37E4,True,2021-05-12 11:38:57.1256178,2024-08-26 14:54:13.7843715,2024-08-26 14:54:13.7843715,00:00:00.0173279
2024-08-26 14:58:00.4086445,C:\Windows\System32\winevt\logs\Microsoft-Windows-Shell-Core%4LogonTasksChannel.evtx,C:\Users\dwight\Desktop\logs\C\Windows\System32\winevt\logs\Microsoft-Windows-Shell-Core%4LogonTasksChannel.evtx,69632,DDD583F0C1F393F0BCEE6012AA3FD6A9FC30ABC2,True,2021-05-12 11:38:57.1256178,2021-05-12 04:57:22.7994348,2021-05-12 04:57:22.7994348,00:00:00
2024-08-26 14:58:01.1414432,C:\Windows\System32\winevt\logs\Microsoft-Windows-Shell-Core%4Operational.evtx,C:\Users\dwight\Desktop\logs\C\Windows\System32\winevt\logs\Microsoft-Windows-Shell-Core%4Operational.evtx,1052672,EDFF59848E864CAB443B9DBA14D837A95A0A2DD9,True,2021-05-12 11:38:57.1256178,2024-08-26 14:54:21.0336823,2024-08-26 14:54:21.0336823,00:00:00
2024-08-26 14:58:01.1727205,C:\Windows\System32\winevt\logs\Microsoft-Windows-ShellCommon-StartLayoutPopulation%4Operational.evtx,C:\Users\dwight\Desktop\logs\C\Windows\System32\winevt\logs\Microsoft-Windows-ShellCommon-StartLayoutPopulation%4Operational.evtx,1052672,C91AB5BAC30D9B998EB7E2988BA0986F47D09646,True,2021-05-12 04:39:22.8117965,2024-08-26 14:54:29.1144586,2024-08-26 14:54:29.1144586,00:00:00
2024-08-26 14:58:01.1883944,C:\Windows\System32\winevt\logs\Microsoft-Windows-SmbClient%4Audit.evtx,C:\Users\dwight\Desktop\logs\C\Windows\System32\winevt\logs\Microsoft-Windows-SmbClient%4Audit.evtx,69632,A720D890200BDF4A5BEBF00197F316CFF8C38928,True,2021-05-12 11:38:16.9273246,2021-05-12 11:38:39.3806369,2021-05-12 11:38:39.3806369,00:00:00
2024-08-26 14:58:01.1883944,C:\Windows\System32\winevt\logs\Microsoft-Windows-SmbClient%4Connectivity.evtx,C:\Users\dwight\Desktop\logs\C\Windows\System32\winevt\logs\Microsoft-Windows-SmbClient%4Connectivity.evtx,69632,7B96966BFD0C21C4375A707FDCE0996F1EBB3D59,True,2021-05-12 11:38:16.8643364,2024-08-26 14:53:07.0606535,2024-08-26 14:53:07.0606535,00:00:00
2024-08-26 14:58:01.2347307,C:\Windows\System32\winevt\logs\Microsoft-Windows-SMBClient%4Operational.evtx,C:\Users\dwight\Desktop\logs\C\Windows\System32\winevt\logs\Microsoft-Windows-SMBClient%4Operational.evtx,69632,4E04EEFF825FF616500C0F93CFA0EF06F8487F8B,True,2021-05-12 11:38:16.8643364,2021-05-12 11:38:39.3806369,2021-05-12 11:38:39.3806369,00:00:00
2024-08-26 14:58:01.2507426,C:\Windows\System32\winevt\logs\Microsoft-Windows-SmbClient%4Security.evtx,C:\Users\dwight\Desktop\logs\C\Windows\System32\winevt\logs\Microsoft-Windows-SmbClient%4Security.evtx,69632,C2F222C84697BBFF3816180B631C92DB04201A71,True,2021-05-12 11:38:16.8960731,2021-05-12 11:38:39.3806369,2021-05-12 11:38:39.3806369,00:00:00
2024-08-26 14:58:01.2664174,C:\Windows\System32\winevt\logs\Microsoft-Windows-SMBServer%4Audit.evtx,C:\Users\dwight\Desktop\logs\C\Windows\System32\winevt\logs\Microsoft-Windows-SMBServer%4Audit.evtx,69632,D56A1544EB1CF64DEA27292AA946A40AC614B9F6,True,2021-05-12 11:38:15.6763424,2021-05-12 11:38:39.3806369,2021-05-12 11:38:39.3806369,00:00:00.0156748
2024-08-26 14:58:01.2821613,C:\Windows\System32\winevt\logs\Microsoft-Windows-SMBServer%4Connectivity.evtx,C:\Users\dwight\Desktop\logs\C\Windows\System32\winevt\logs\Microsoft-Windows-SMBServer%4Connectivity.evtx,69632,99AF944891A3B96A9F2A3F91D42FAE622E6DB469,True,2021-05-12 11:38:15.6631588,2021-05-12 11:38:39.3806369,2021-05-12 11:38:39.3806369,00:00:00.0157439
2024-08-26 14:58:01.2976532,C:\Windows\System32\winevt\logs\Microsoft-Windows-SMBServer%4Operational.evtx,C:\Users\dwight\Desktop\logs\C\Windows\System32\winevt\logs\Microsoft-Windows-SMBServer%4Operational.evtx,69632,1A5BDC55B5F98C741FA3F86FD620325E50AD4274,True,2021-05-12 11:38:15.6631588,2024-08-26 14:53:11.3456217,2024-08-26 14:53:11.3456217,00:00:00
2024-08-26 14:58:01.2976532,C:\Windows\System32\winevt\logs\Microsoft-Windows-SMBServer%4Security.evtx,C:\Users\dwight\Desktop\logs\C\Windows\System32\winevt\logs\Microsoft-Windows-SMBServer%4Security.evtx,69632,AC3EDEA76A02A212840F1B851E38BE6FABAF6A77,True,2021-05-12 11:38:15.6631588,2021-05-12 11:38:39.3806369,2021-05-12 11:38:39.3806369,00:00:00
2024-08-26 14:58:01.3286979,C:\Windows\System32\winevt\logs\Microsoft-Windows-StateRepository%4Operational.evtx,C:\Users\dwight\Desktop\logs\C\Windows\System32\winevt\logs\Microsoft-Windows-StateRepository%4Operational.evtx,1118208,210FD23D099398E55DECD93D21D1B873CCAC9FAA,True,2021-05-12 11:38:16.8491999,2024-08-26 14:54:14.0342033,2024-08-26 14:54:14.0342033,00:00:00
2024-08-26 14:58:01.3599145,C:\Windows\System32\winevt\logs\Microsoft-Windows-StorageSpaces-Driver%4Operational.evtx,C:\Users\dwight\Desktop\logs\C\Windows\System32\winevt\logs\Microsoft-Windows-StorageSpaces-Driver%4Operational.evtx,69632,F1DFF8C95F5672043669AF763E82A7128E495A9A,True,2021-05-12 04:57:41.8293735,2024-08-26 14:53:06.8570584,2024-08-26 14:53:06.8570584,00:00:00.0156069
2024-08-26 14:58:01.3754980,C:\Windows\System32\winevt\logs\Microsoft-Windows-StorageSpaces-ManagementAgent%4WHC.evtx,C:\Users\dwight\Desktop\logs\C\Windows\System32\winevt\logs\Microsoft-Windows-StorageSpaces-ManagementAgent%4WHC.evtx,69632,D28A0C62792272BFAD0CB59EA92D72D7E4BB0430,True,2021-05-12 04:41:24.9845539,2021-05-12 04:57:22.7994348,2021-05-12 04:57:22.7994348,00:00:00
2024-08-26 14:58:01.3910201,C:\Windows\System32\winevt\logs\Microsoft-Windows-Store%4Operational.evtx,C:\Users\dwight\Desktop\logs\C\Windows\System32\winevt\logs\Microsoft-Windows-Store%4Operational.evtx,1118208,F061447A6F1CF0C98DE2A6134D8ACF0E557F81F9,True,2021-05-12 04:39:13.8269446,2024-08-26 14:54:24.8179129,2024-08-26 14:54:24.8179129,00:00:00
2024-08-26 14:58:02.9382920,C:\Windows\System32\winevt\logs\Microsoft-Windows-Sysmon%4Operational.evtx,C:\Users\dwight\Desktop\logs\C\Windows\System32\winevt\logs\Microsoft-Windows-Sysmon%4Operational.evtx,29429760,5FC1EE51F34DD811817B8047C0D03989F3FCC50C,True,2024-08-24 00:13:08.4028501,2024-08-26 14:52:28.4028895,2024-08-26 14:52:28.4028895,00:00:00.0928240
2024-08-26 14:58:02.9382920,C:\Windows\System32\winevt\logs\Microsoft-Windows-TaskScheduler%4Maintenance.evtx,C:\Users\dwight\Desktop\logs\C\Windows\System32\winevt\logs\Microsoft-Windows-TaskScheduler%4Maintenance.evtx,69632,BEC1BC915C0F8100DD7C0E8EED2524BC5AB89554,True,2021-05-12 11:38:15.4737066,2024-08-25 01:23:27.1292557,2024-08-25 01:23:27.1292557,00:00:00
2024-08-26 14:58:02.9849201,C:\Windows\System32\winevt\logs\Microsoft-Windows-TaskScheduler%4Operational.evtx,C:\Users\dwight\Desktop\logs\C\Windows\System32\winevt\logs\Microsoft-Windows-TaskScheduler%4Operational.evtx,1118208,9D5250DC3A7AE1BD4D69504C8D1F407C737C3F28,True,2024-08-24 00:15:04.3950200,2024-08-26 14:53:07.2483585,2024-08-26 14:53:07.2483585,00:00:00.0158288
2024-08-26 14:58:03.0004594,C:\Windows\System32\winevt\logs\Microsoft-Windows-TerminalServices-LocalSessionManager%4Operational.evtx,C:\Users\dwight\Desktop\logs\C\Windows\System32\winevt\logs\Microsoft-Windows-TerminalServices-LocalSessionManager%4Operational.evtx,1052672,5824350AFF1D71C6D257F54C5FF816D105471046,True,2021-05-12 11:38:14.3804377,2024-08-26 14:53:14.9208150,2024-08-26 14:53:14.9208150,00:00:00
2024-08-26 14:58:03.0160614,C:\Windows\System32\winevt\logs\Microsoft-Windows-TerminalServices-RemoteConnectionManager%4Admin.evtx,C:\Users\dwight\Desktop\logs\C\Windows\System32\winevt\logs\Microsoft-Windows-TerminalServices-RemoteConnectionManager%4Admin.evtx,69632,666FB5F88C9B44B44DF17D5BE9ED788340B0A42F,True,2021-05-12 05:00:25.1745665,2021-05-12 05:01:30.8346505,2021-05-12 05:01:30.8346505,00:00:00
2024-08-26 14:58:03.0316079,C:\Windows\System32\winevt\logs\Microsoft-Windows-TerminalServices-RemoteConnectionManager%4Operational.evtx,C:\Users\dwight\Desktop\logs\C\Windows\System32\winevt\logs\Microsoft-Windows-TerminalServices-RemoteConnectionManager%4Operational.evtx,69632,27A437E9F44A63675C9DE57CC30B8AD78236F7DD,True,2021-05-12 05:00:25.1901966,2024-08-26 14:53:07.2170168,2024-08-26 14:53:07.2170168,00:00:00
2024-08-26 14:58:03.0945777,C:\Windows\System32\winevt\logs\Microsoft-Windows-Time-Service%4Operational.evtx,C:\Users\dwight\Desktop\logs\C\Windows\System32\winevt\logs\Microsoft-Windows-Time-Service%4Operational.evtx,1052672,02BEF822A5376AE5121017D2A3FD813DF82BF803,True,2021-05-12 11:38:15.4580871,2024-08-26 14:53:07.2015074,2024-08-26 14:53:07.2015074,00:00:00
2024-08-26 14:58:03.0945777,C:\Windows\System32\winevt\logs\Microsoft-Windows-UniversalTelemetryClient%4Operational.evtx,C:\Users\dwight\Desktop\logs\C\Windows\System32\winevt\logs\Microsoft-Windows-UniversalTelemetryClient%4Operational.evtx,69632,E86A98B62C58358A4426F6CE87B3E04207E4B9E4,True,2021-05-12 11:38:15.4580871,2024-08-26 14:53:14.4832221,2024-08-26 14:53:14.4832221,00:00:00
2024-08-26 14:58:03.1260388,C:\Windows\System32\winevt\logs\Microsoft-Windows-User Device Registration%4Admin.evtx,C:\Users\dwight\Desktop\logs\C\Windows\System32\winevt\logs\Microsoft-Windows-User Device Registration%4Admin.evtx,69632,E64DB1E1F5772F354C18BFF638D23D411CA004C2,True,2021-05-12 11:38:14.8799611,2024-08-26 14:53:07.9678009,2024-08-26 14:53:07.9678009,00:00:00
2024-08-26 14:58:03.1410610,C:\Windows\System32\winevt\logs\Microsoft-Windows-User Profile Service%4Operational.evtx,C:\Users\dwight\Desktop\logs\C\Windows\System32\winevt\logs\Microsoft-Windows-User Profile Service%4Operational.evtx,1118208,3F09A540F82EEDBCD81B77F55783ED1875409B89,True,2021-05-12 11:38:14.5200892,2024-08-26 14:54:13.7219335,2024-08-26 14:54:13.7219335,00:00:00
2024-08-26 14:58:03.1566669,C:\Windows\System32\winevt\logs\Microsoft-Windows-VolumeSnapshot-Driver%4Operational.evtx,C:\Users\dwight\Desktop\logs\C\Windows\System32\winevt\logs\Microsoft-Windows-VolumeSnapshot-Driver%4Operational.evtx,69632,A582FF12A49AF9E2222DAE00A72F75317C6A0B50,True,2021-05-12 11:38:14.4112072,2024-08-26 14:53:06.8759435,2024-08-26 14:53:06.8759435,00:00:00
2024-08-26 14:58:03.1726669,C:\Windows\System32\winevt\logs\Microsoft-Windows-Wcmsvc%4Operational.evtx,C:\Users\dwight\Desktop\logs\C\Windows\System32\winevt\logs\Microsoft-Windows-Wcmsvc%4Operational.evtx,69632,55FA88E22AF46CE2000D71C21E415B09CCC618D8,True,2021-05-12 11:38:14.5200892,2024-08-26 14:53:07.2639807,2024-08-26 14:53:07.2639807,00:00:00
2024-08-26 14:58:03.1884256,C:\Windows\System32\winevt\logs\Microsoft-Windows-WebAuthN%4Operational.evtx,C:\Users\dwight\Desktop\logs\C\Windows\System32\winevt\logs\Microsoft-Windows-WebAuthN%4Operational.evtx,69632,45D184B8DC12D4E0FC57A9B022EE3FEB23610FE0,True,2021-05-12 11:38:15.4580871,2024-08-26 14:53:09.0926984,2024-08-26 14:53:09.0926984,00:00:00
2024-08-26 14:58:03.2037471,C:\Windows\System32\winevt\logs\Microsoft-Windows-Win32k%4Operational.evtx,C:\Users\dwight\Desktop\logs\C\Windows\System32\winevt\logs\Microsoft-Windows-Win32k%4Operational.evtx,69632,FAFA000962B29E270723333AFF5865A82A8508A0,True,2021-05-12 11:38:14.4610027,2024-08-26 14:53:06.9512806,2024-08-26 14:53:06.9512806,00:00:00
2024-08-26 14:58:03.2193462,C:\Windows\System32\winevt\logs\Microsoft-Windows-Windows Firewall With Advanced Security%4ConnectionSecurity.evtx,C:\Users\dwight\Desktop\logs\C\Windows\System32\winevt\logs\Microsoft-Windows-Windows Firewall With Advanced Security%4ConnectionSecurity.evtx,69632,C45A9FE21745FF664C3513125715E68FB3D9E884,True,2021-05-12 11:38:15.4737066,2021-05-12 11:38:39.3806369,2021-05-12 11:38:39.3806369,00:00:00
2024-08-26 14:58:03.2817114,C:\Windows\System32\winevt\logs\Microsoft-Windows-Windows Firewall With Advanced Security%4Firewall.evtx,C:\Users\dwight\Desktop\logs\C\Windows\System32\winevt\logs\Microsoft-Windows-Windows Firewall With Advanced Security%4Firewall.evtx,1052672,6A821B60A34D7B0F1F7168B9E510DB0211940B80,True,2021-05-12 11:38:14.6763381,2024-08-26 14:53:16.9840570,2024-08-26 14:53:16.9840570,00:00:00
2024-08-26 14:58:03.2817114,C:\Windows\System32\winevt\logs\Microsoft-Windows-Windows Firewall With Advanced Security%4FirewallDiagnostics.evtx,C:\Users\dwight\Desktop\logs\C\Windows\System32\winevt\logs\Microsoft-Windows-Windows Firewall With Advanced Security%4FirewallDiagnostics.evtx,69632,51D492B55E1CEE8C13D6E3617A2A0BA13003A6D1,True,2021-05-12 11:38:15.4737066,2024-08-26 14:53:16.7346021,2024-08-26 14:53:16.7346021,00:00:00
2024-08-26 14:58:03.3127217,C:\Windows\System32\winevt\logs\Microsoft-Windows-WinINet-Config%4ProxyConfigChanged.evtx,C:\Users\dwight\Desktop\logs\C\Windows\System32\winevt\logs\Microsoft-Windows-WinINet-Config%4ProxyConfigChanged.evtx,69632,25B42DC4CBA33A86858E9DE4B495EBA8A65CF85A,True,2021-05-12 11:38:14.7080768,2021-05-12 11:38:39.3806369,2021-05-12 11:38:39.3806369,00:00:00
2024-08-26 14:58:03.3286273,C:\Windows\System32\winevt\logs\Microsoft-Windows-Winlogon%4Operational.evtx,C:\Users\dwight\Desktop\logs\C\Windows\System32\winevt\logs\Microsoft-Windows-Winlogon%4Operational.evtx,1052672,E8089C7565D001C35459DD85763F6572713F179B,True,2021-05-12 04:39:04.5306126,2024-08-26 14:53:07.2639807,2024-08-26 14:53:07.2639807,00:00:00.0153253
2024-08-26 14:58:03.4072125,C:\Windows\System32\winevt\logs\Microsoft-Windows-WinRM%4Operational.evtx,C:\Users\dwight\Desktop\logs\C\Windows\System32\winevt\logs\Microsoft-Windows-WinRM%4Operational.evtx,1052672,B86F1D9DCE6A8983AD72FEE2B957B998BFB35FF7,True,2021-05-12 11:38:15.2237041,2024-08-26 14:53:11.2646411,2024-08-26 14:53:11.2646411,00:00:00.0158365
2024-08-26 14:58:03.4380653,C:\Windows\System32\winevt\logs\Microsoft-Windows-WMI-Activity%4Operational.evtx,C:\Users\dwight\Desktop\logs\C\Windows\System32\winevt\logs\Microsoft-Windows-WMI-Activity%4Operational.evtx,1052672,E796ED6624DAF73EB0183084BBC19B02D97BE22A,True,2021-05-12 04:39:05.9207072,2024-08-26 14:53:17.0011456,2024-08-26 14:53:17.0011456,00:00:00.0156296
2024-08-26 14:58:03.7973818,C:\Windows\System32\winevt\logs\Security.evtx,C:\Users\dwight\Desktop\logs\C\Windows\System32\winevt\logs\Security.evtx,6361088,08AF9CBA884792D3BBB12C1D9586F02D633C6C11,True,2021-05-12 11:38:14.3643307,2024-08-26 14:52:07.1379457,2024-08-26 14:52:07.1379457,00:00:00.0313540
2024-08-26 14:58:03.8128640,C:\Windows\System32\winevt\logs\Setup.evtx,C:\Users\dwight\Desktop\logs\C\Windows\System32\winevt\logs\Setup.evtx,69632,4CF081A2E3A48D9479A48C0C1ED8CEEC17436898,True,2021-05-12 11:38:39.3337595,2024-08-25 00:23:15.4415511,2024-08-25 00:23:15.4415511,00:00:00
2024-08-26 14:58:03.8601599,C:\Windows\System32\winevt\logs\System.evtx,C:\Users\dwight\Desktop\logs\C\Windows\System32\winevt\logs\System.evtx,1118208,77060774D5DAF4490DF8EE04D580D96CCCFA3051,True,2021-05-12 11:38:14.3482117,2024-08-26 14:53:05.7327161,2024-08-26 14:53:05.7327161,00:00:00.0158954
2024-08-26 14:58:04.8597766,C:\Windows\System32\winevt\logs\Windows PowerShell.evtx,C:\Users\dwight\Desktop\logs\C\Windows\System32\winevt\logs\Windows PowerShell.evtx,12652544,8E7A54FD5EF0BBEA90130D03D68D8B0896A5C990,True,2021-05-12 11:38:14.3643307,2024-08-25 01:23:27.0197587,2024-08-25 01:23:27.0197587,00:00:00.0451930
